[{"model": "admin.logentry", "pk": 1, "fields": {"action_time": "2025-06-08T12:29:34.277Z", "user": 1, "content_type": 7, "object_id": "1", "object_repr": "Gundam Wing", "action_flag": 1, "change_message": "[{\"added\": {}}]"}}, {"model": "admin.logentry", "pk": 2, "fields": {"action_time": "2025-06-08T12:30:10.951Z", "user": 1, "content_type": 7, "object_id": "2", "object_repr": "Gundam Seed", "action_flag": 1, "change_message": "[{\"added\": {}}]"}}, {"model": "admin.logentry", "pk": 3, "fields": {"action_time": "2025-06-08T12:41:02.841Z", "user": 1, "content_type": 8, "object_id": "1", "object_repr": "Gundam Wing Zero", "action_flag": 1, "change_message": "[{\"added\": {}}]"}}, {"model": "admin.logentry", "pk": 4, "fields": {"action_time": "2025-06-08T12:50:28.790Z", "user": 1, "content_type": 8, "object_id": "1", "object_repr": "Gundam Wing Zero", "action_flag": 2, "change_message": "[]"}}, {"model": "admin.logentry", "pk": 5, "fields": {"action_time": "2025-06-08T12:52:00.104Z", "user": 1, "content_type": 8, "object_id": "2", "object_repr": "Gundam Destiny", "action_flag": 1, "change_message": "[{\"added\": {}}]"}}, {"model": "admin.logentry", "pk": 6, "fields": {"action_time": "2025-06-08T13:01:21.545Z", "user": 1, "content_type": 8, "object_id": "1", "object_repr": "Gundam Wing Zero", "action_flag": 2, "change_message": "[{\"changed\": {\"fields\": [\"Cover image\"]}}]"}}, {"model": "admin.logentry", "pk": 7, "fields": {"action_time": "2025-06-08T13:04:26.431Z", "user": 1, "content_type": 8, "object_id": "2", "object_repr": "Gundam Destiny", "action_flag": 2, "change_message": "[{\"changed\": {\"fields\": [\"Scale\", \"Cover image\"]}}]"}}, {"model": "admin.logentry", "pk": 8, "fields": {"action_time": "2025-06-09T02:56:51.247Z", "user": 1, "content_type": 8, "object_id": "2", "object_repr": "Gundam Destiny", "action_flag": 2, "change_message": "[{\"added\": {\"name\": \"product image\", \"object\": \"Image for Gundam Destiny\"}}]"}}, {"model": "admin.logentry", "pk": 9, "fields": {"action_time": "2025-06-09T02:59:38.322Z", "user": 1, "content_type": 8, "object_id": "1", "object_repr": "Gundam Wing Zero", "action_flag": 2, "change_message": "[{\"added\": {\"name\": \"product image\", \"object\": \"Image for Gundam Wing Zero\"}}, {\"added\": {\"name\": \"product image\", \"object\": \"Image for Gundam Wing Zero\"}}, {\"added\": {\"name\": \"product image\", \"object\": \"Image for Gundam Wing Zero\"}}, {\"added\": {\"name\": \"product image\", \"object\": \"Image for Gundam Wing Zero\"}}, {\"added\": {\"name\": \"product image\", \"object\": \"Image for Gundam Wing Zero\"}}]"}}, {"model": "admin.logentry", "pk": 10, "fields": {"action_time": "2025-06-09T11:51:36.675Z", "user": 1, "content_type": 8, "object_id": "2", "object_repr": "Gundam Destiny", "action_flag": 3, "change_message": ""}}, {"model": "admin.logentry", "pk": 11, "fields": {"action_time": "2025-06-09T11:51:46.254Z", "user": 1, "content_type": 8, "object_id": "1", "object_repr": "Gundam Wing Zero", "action_flag": 3, "change_message": ""}}, {"model": "admin.logentry", "pk": 12, "fields": {"action_time": "2025-06-09T11:55:44.013Z", "user": 1, "content_type": 8, "object_id": "3", "object_repr": "0式飛翼高達", "action_flag": 1, "change_message": "[{\"added\": {}}]"}}, {"model": "admin.logentry", "pk": 13, "fields": {"action_time": "2025-06-09T11:59:43.729Z", "user": 1, "content_type": 8, "object_id": "3", "object_repr": "0式飛翼高達", "action_flag": 2, "change_message": "[{\"changed\": {\"fields\": [\"Cover image\"]}}, {\"added\": {\"name\": \"product image\", \"object\": \"Image for 0\\u5f0f\\u98db\\u7ffc\\u9ad8\\u9054\"}}, {\"added\": {\"name\": \"product image\", \"object\": \"Image for 0\\u5f0f\\u98db\\u7ffc\\u9ad8\\u9054\"}}, {\"added\": {\"name\": \"product image\", \"object\": \"Image for 0\\u5f0f\\u98db\\u7ffc\\u9ad8\\u9054\"}}, {\"added\": {\"name\": \"product image\", \"object\": \"Image for 0\\u5f0f\\u98db\\u7ffc\\u9ad8\\u9054\"}}, {\"added\": {\"name\": \"product image\", \"object\": \"Image for 0\\u5f0f\\u98db\\u7ffc\\u9ad8\\u9054\"}}]"}}, {"model": "admin.logentry", "pk": 14, "fields": {"action_time": "2025-06-09T12:03:20.104Z", "user": 1, "content_type": 8, "object_id": "4", "object_repr": "馬沙專用渣古改", "action_flag": 1, "change_message": "[{\"added\": {}}]"}}, {"model": "admin.logentry", "pk": 15, "fields": {"action_time": "2025-06-09T12:05:14.004Z", "user": 1, "content_type": 8, "object_id": "4", "object_repr": "馬沙專用渣古改", "action_flag": 2, "change_message": "[{\"added\": {\"name\": \"product image\", \"object\": \"Image for \\u99ac\\u6c99\\u5c08\\u7528\\u6e23\\u53e4\\u6539\"}}, {\"added\": {\"name\": \"product image\", \"object\": \"Image for \\u99ac\\u6c99\\u5c08\\u7528\\u6e23\\u53e4\\u6539\"}}, {\"added\": {\"name\": \"product image\", \"object\": \"Image for \\u99ac\\u6c99\\u5c08\\u7528\\u6e23\\u53e4\\u6539\"}}, {\"added\": {\"name\": \"product image\", \"object\": \"Image for \\u99ac\\u6c99\\u5c08\\u7528\\u6e23\\u53e4\\u6539\"}}, {\"added\": {\"name\": \"product image\", \"object\": \"Image for \\u99ac\\u6c99\\u5c08\\u7528\\u6e23\\u53e4\\u6539\"}}]"}}, {"model": "admin.logentry", "pk": 16, "fields": {"action_time": "2025-06-09T12:09:07.438Z", "user": 1, "content_type": 8, "object_id": "5", "object_repr": "突撀高達", "action_flag": 1, "change_message": "[{\"added\": {}}, {\"added\": {\"name\": \"product image\", \"object\": \"Image for \\u7a81\\u6480\\u9ad8\\u9054\"}}, {\"added\": {\"name\": \"product image\", \"object\": \"Image for \\u7a81\\u6480\\u9ad8\\u9054\"}}, {\"added\": {\"name\": \"product image\", \"object\": \"Image for \\u7a81\\u6480\\u9ad8\\u9054\"}}, {\"added\": {\"name\": \"product image\", \"object\": \"Image for \\u7a81\\u6480\\u9ad8\\u9054\"}}, {\"added\": {\"name\": \"product image\", \"object\": \"Image for \\u7a81\\u6480\\u9ad8\\u9054\"}}, {\"added\": {\"name\": \"product image\", \"object\": \"Image for \\u7a81\\u6480\\u9ad8\\u9054\"}}]"}}, {"model": "admin.logentry", "pk": 17, "fields": {"action_time": "2025-06-09T12:12:32.094Z", "user": 1, "content_type": 8, "object_id": "6", "object_repr": "元祖高達", "action_flag": 1, "change_message": "[{\"added\": {}}, {\"added\": {\"name\": \"product image\", \"object\": \"Image for \\u5143\\u7956\\u9ad8\\u9054\"}}, {\"added\": {\"name\": \"product image\", \"object\": \"Image for \\u5143\\u7956\\u9ad8\\u9054\"}}, {\"added\": {\"name\": \"product image\", \"object\": \"Image for \\u5143\\u7956\\u9ad8\\u9054\"}}, {\"added\": {\"name\": \"product image\", \"object\": \"Image for \\u5143\\u7956\\u9ad8\\u9054\"}}, {\"added\": {\"name\": \"product image\", \"object\": \"Image for \\u5143\\u7956\\u9ad8\\u9054\"}}]"}}, {"model": "admin.logentry", "pk": 18, "fields": {"action_time": "2025-06-09T12:15:16.740Z", "user": 1, "content_type": 8, "object_id": "7", "object_repr": "Z高達", "action_flag": 1, "change_message": "[{\"added\": {}}, {\"added\": {\"name\": \"product image\", \"object\": \"Image for Z\\u9ad8\\u9054\"}}, {\"added\": {\"name\": \"product image\", \"object\": \"Image for Z\\u9ad8\\u9054\"}}, {\"added\": {\"name\": \"product image\", \"object\": \"Image for Z\\u9ad8\\u9054\"}}, {\"added\": {\"name\": \"product image\", \"object\": \"Image for Z\\u9ad8\\u9054\"}}, {\"added\": {\"name\": \"product image\", \"object\": \"Image for Z\\u9ad8\\u9054\"}}]"}}, {"model": "admin.logentry", "pk": 19, "fields": {"action_time": "2025-06-12T01:15:08.214Z", "user": 1, "content_type": 7, "object_id": "4", "object_repr": "SEED", "action_flag": 1, "change_message": "[{\"added\": {}}]"}}, {"model": "admin.logentry", "pk": 20, "fields": {"action_time": "2025-06-12T01:16:59.157Z", "user": 1, "content_type": 8, "object_id": "11", "object_repr": "Aegis", "action_flag": 1, "change_message": "[{\"added\": {}}, {\"added\": {\"name\": \"product image\", \"object\": \"Image for Aegis\"}}, {\"added\": {\"name\": \"product image\", \"object\": \"Image for Aegis\"}}, {\"added\": {\"name\": \"product image\", \"object\": \"Image for Aegis\"}}, {\"added\": {\"name\": \"product image\", \"object\": \"Image for Aegis\"}}, {\"added\": {\"name\": \"product image\", \"object\": \"Image for Aegis\"}}]"}}, {"model": "admin.logentry", "pk": 21, "fields": {"action_time": "2025-06-12T02:57:51.230Z", "user": 1, "content_type": 8, "object_id": "11", "object_repr": "Aegis", "action_flag": 3, "change_message": ""}}, {"model": "admin.logentry", "pk": 22, "fields": {"action_time": "2025-06-12T02:57:51.230Z", "user": 1, "content_type": 8, "object_id": "10", "object_repr": "w0", "action_flag": 3, "change_message": ""}}, {"model": "admin.logentry", "pk": 23, "fields": {"action_time": "2025-06-12T02:57:51.230Z", "user": 1, "content_type": 8, "object_id": "9", "object_repr": "cpma-00415-0", "action_flag": 3, "change_message": ""}}, {"model": "admin.logentry", "pk": 24, "fields": {"action_time": "2025-06-12T02:57:51.230Z", "user": 1, "content_type": 8, "object_id": "8", "object_repr": "imgrc0094457694", "action_flag": 3, "change_message": ""}}, {"model": "admin.logentry", "pk": 25, "fields": {"action_time": "2025-06-12T02:57:51.230Z", "user": 1, "content_type": 8, "object_id": "7", "object_repr": "Z高達", "action_flag": 3, "change_message": ""}}, {"model": "admin.logentry", "pk": 26, "fields": {"action_time": "2025-06-12T02:57:51.230Z", "user": 1, "content_type": 8, "object_id": "6", "object_repr": "元祖高達", "action_flag": 3, "change_message": ""}}, {"model": "admin.logentry", "pk": 27, "fields": {"action_time": "2025-06-12T02:57:51.230Z", "user": 1, "content_type": 8, "object_id": "5", "object_repr": "突撀高達", "action_flag": 3, "change_message": ""}}, {"model": "admin.logentry", "pk": 28, "fields": {"action_time": "2025-06-12T02:57:51.230Z", "user": 1, "content_type": 8, "object_id": "4", "object_repr": "馬沙專用渣古改", "action_flag": 3, "change_message": ""}}, {"model": "admin.logentry", "pk": 29, "fields": {"action_time": "2025-06-12T02:57:51.230Z", "user": 1, "content_type": 8, "object_id": "3", "object_repr": "0式飛翼高達", "action_flag": 3, "change_message": ""}}, {"model": "admin.logentry", "pk": 30, "fields": {"action_time": "2025-06-12T02:58:01.436Z", "user": 1, "content_type": 7, "object_id": "4", "object_repr": "SEED", "action_flag": 3, "change_message": ""}}, {"model": "admin.logentry", "pk": 31, "fields": {"action_time": "2025-06-12T02:58:01.436Z", "user": 1, "content_type": 7, "object_id": "3", "object_repr": "Temporary", "action_flag": 3, "change_message": ""}}, {"model": "admin.logentry", "pk": 32, "fields": {"action_time": "2025-06-12T02:58:01.436Z", "user": 1, "content_type": 7, "object_id": "2", "object_repr": "Gundam Seed", "action_flag": 3, "change_message": ""}}, {"model": "admin.logentry", "pk": 33, "fields": {"action_time": "2025-06-12T02:58:01.436Z", "user": 1, "content_type": 7, "object_id": "1", "object_repr": "Gundam Wing", "action_flag": 3, "change_message": ""}}, {"model": "admin.logentry", "pk": 34, "fields": {"action_time": "2025-06-12T03:00:30.842Z", "user": 1, "content_type": 7, "object_id": "5", "object_repr": "Seed", "action_flag": 1, "change_message": "[{\"added\": {}}]"}}, {"model": "admin.logentry", "pk": 35, "fields": {"action_time": "2025-06-12T03:00:38.539Z", "user": 1, "content_type": 7, "object_id": "6", "object_repr": "Z", "action_flag": 1, "change_message": "[{\"added\": {}}]"}}, {"model": "admin.logentry", "pk": 36, "fields": {"action_time": "2025-06-12T03:00:48.283Z", "user": 1, "content_type": 7, "object_id": "7", "object_repr": "ZZ", "action_flag": 1, "change_message": "[{\"added\": {}}]"}}, {"model": "admin.logentry", "pk": 37, "fields": {"action_time": "2025-06-12T03:01:01.673Z", "user": 1, "content_type": 7, "object_id": "8", "object_repr": "Char", "action_flag": 1, "change_message": "[{\"added\": {}}]"}}, {"model": "admin.logentry", "pk": 38, "fields": {"action_time": "2025-06-12T03:01:21.207Z", "user": 1, "content_type": 7, "object_id": "9", "object_repr": "Gundam", "action_flag": 1, "change_message": "[{\"added\": {}}]"}}, {"model": "admin.logentry", "pk": 39, "fields": {"action_time": "2025-06-12T03:01:33.177Z", "user": 1, "content_type": 7, "object_id": "10", "object_repr": "Wing", "action_flag": 1, "change_message": "[{\"added\": {}}]"}}, {"model": "admin.logentry", "pk": 40, "fields": {"action_time": "2025-06-12T03:01:50.688Z", "user": 1, "content_type": 7, "object_id": "11", "object_repr": "Unicon", "action_flag": 1, "change_message": "[{\"added\": {}}]"}}, {"model": "admin.logentry", "pk": 41, "fields": {"action_time": "2025-06-12T03:07:40.387Z", "user": 1, "content_type": 8, "object_id": "12", "object_repr": "Aegis", "action_flag": 1, "change_message": "[{\"added\": {}}]"}}, {"model": "admin.logentry", "pk": 42, "fields": {"action_time": "2025-06-12T03:09:29.531Z", "user": 1, "content_type": 8, "object_id": "12", "object_repr": "Aegis", "action_flag": 2, "change_message": "[{\"changed\": {\"fields\": [\"Cover image\"]}}, {\"added\": {\"name\": \"product image\", \"object\": \"Image for Aegis\"}}]"}}, {"model": "admin.logentry", "pk": 43, "fields": {"action_time": "2025-06-12T03:12:16.080Z", "user": 1, "content_type": 8, "object_id": "13", "object_repr": "Ball", "action_flag": 1, "change_message": "[{\"added\": {}}, {\"added\": {\"name\": \"product image\", \"object\": \"Image for Ball\"}}, {\"added\": {\"name\": \"product image\", \"object\": \"Image for Ball\"}}, {\"added\": {\"name\": \"product image\", \"object\": \"Image for Ball\"}}]"}}, {"model": "admin.logentry", "pk": 44, "fields": {"action_time": "2025-06-12T03:16:17.287Z", "user": 1, "content_type": 8, "object_id": "14", "object_repr": "Banshee", "action_flag": 1, "change_message": "[{\"added\": {}}, {\"added\": {\"name\": \"product image\", \"object\": \"Image for Banshee\"}}, {\"added\": {\"name\": \"product image\", \"object\": \"Image for Banshee\"}}, {\"added\": {\"name\": \"product image\", \"object\": \"Image for Banshee\"}}, {\"added\": {\"name\": \"product image\", \"object\": \"Image for Banshee\"}}]"}}, {"model": "admin.logentry", "pk": 45, "fields": {"action_time": "2025-06-12T03:21:59.038Z", "user": 1, "content_type": 8, "object_id": "15", "object_repr": "Big Sam", "action_flag": 1, "change_message": "[{\"added\": {}}, {\"added\": {\"name\": \"product image\", \"object\": \"Image for Big Sam\"}}, {\"added\": {\"name\": \"product image\", \"object\": \"Image for Big Sam\"}}, {\"added\": {\"name\": \"product image\", \"object\": \"Image for Big Sam\"}}, {\"added\": {\"name\": \"product image\", \"object\": \"Image for Big Sam\"}}]"}}, {"model": "admin.logentry", "pk": 46, "fields": {"action_time": "2025-06-12T03:22:30.212Z", "user": 1, "content_type": 8, "object_id": "15", "object_repr": "Big Zam", "action_flag": 2, "change_message": "[{\"changed\": {\"fields\": [\"Name\"]}}]"}}, {"model": "admin.logentry", "pk": 47, "fields": {"action_time": "2025-06-12T03:27:59.312Z", "user": 1, "content_type": 8, "object_id": "16", "object_repr": "Blue Destiny Unit 3", "action_flag": 1, "change_message": "[{\"added\": {}}, {\"added\": {\"name\": \"product image\", \"object\": \"Image for Blue Destiny Unit 3\"}}, {\"added\": {\"name\": \"product image\", \"object\": \"Image for Blue Destiny Unit 3\"}}, {\"added\": {\"name\": \"product image\", \"object\": \"Image for Blue Destiny Unit 3\"}}, {\"added\": {\"name\": \"product image\", \"object\": \"Image for Blue Destiny Unit 3\"}}]"}}, {"model": "admin.logentry", "pk": 48, "fields": {"action_time": "2025-06-12T03:32:22.082Z", "user": 1, "content_type": 8, "object_id": "17", "object_repr": "Char's Zaku II", "action_flag": 1, "change_message": "[{\"added\": {}}, {\"added\": {\"name\": \"product image\", \"object\": \"Image for Char's Zaku II\"}}, {\"added\": {\"name\": \"product image\", \"object\": \"Image for Char's Zaku II\"}}, {\"added\": {\"name\": \"product image\", \"object\": \"Image for Char's Zaku II\"}}, {\"added\": {\"name\": \"product image\", \"object\": \"Image for Char's Zaku II\"}}, {\"added\": {\"name\": \"product image\", \"object\": \"Image for Char's Zaku II\"}}]"}}, {"model": "admin.logentry", "pk": 49, "fields": {"action_time": "2025-06-12T03:32:42.481Z", "user": 1, "content_type": 7, "object_id": "12", "object_repr": "G", "action_flag": 1, "change_message": "[{\"added\": {}}]"}}, {"model": "admin.logentry", "pk": 50, "fields": {"action_time": "2025-06-12T03:32:59.908Z", "user": 1, "content_type": 7, "object_id": "13", "object_repr": "Blue Denstiny", "action_flag": 1, "change_message": "[{\"added\": {}}]"}}, {"model": "admin.logentry", "pk": 51, "fields": {"action_time": "2025-06-12T03:33:29.206Z", "user": 1, "content_type": 8, "object_id": "16", "object_repr": "Blue Destiny Unit 3", "action_flag": 2, "change_message": "[{\"changed\": {\"fields\": [\"Category\"]}}]"}}, {"model": "admin.logentry", "pk": 52, "fields": {"action_time": "2025-06-12T03:37:15.350Z", "user": 1, "content_type": 8, "object_id": "18", "object_repr": "God Gundam", "action_flag": 1, "change_message": "[{\"added\": {}}, {\"added\": {\"name\": \"product image\", \"object\": \"Image for God Gundam\"}}, {\"added\": {\"name\": \"product image\", \"object\": \"Image for God Gundam\"}}, {\"added\": {\"name\": \"product image\", \"object\": \"Image for God Gundam\"}}, {\"added\": {\"name\": \"product image\", \"object\": \"Image for God Gundam\"}}]"}}, {"model": "admin.logentry", "pk": 53, "fields": {"action_time": "2025-06-12T03:40:34.392Z", "user": 1, "content_type": 8, "object_id": "19", "object_repr": "Gundam Deathscythe Hell", "action_flag": 1, "change_message": "[{\"added\": {}}, {\"added\": {\"name\": \"product image\", \"object\": \"Image for Gundam Deathscythe Hell\"}}, {\"added\": {\"name\": \"product image\", \"object\": \"Image for Gundam Deathscythe Hell\"}}, {\"added\": {\"name\": \"product image\", \"object\": \"Image for Gundam Deathscythe Hell\"}}]"}}, {"model": "admin.logentry", "pk": 54, "fields": {"action_time": "2025-06-12T03:42:37.890Z", "user": 1, "content_type": 8, "object_id": "20", "object_repr": "Destiny Gundam", "action_flag": 1, "change_message": "[{\"added\": {}}, {\"added\": {\"name\": \"product image\", \"object\": \"Image for Destiny Gundam\"}}, {\"added\": {\"name\": \"product image\", \"object\": \"Image for Destiny Gundam\"}}, {\"added\": {\"name\": \"product image\", \"object\": \"Image for Destiny Gundam\"}}, {\"added\": {\"name\": \"product image\", \"object\": \"Image for Destiny Gundam\"}}, {\"added\": {\"name\": \"product image\", \"object\": \"Image for Destiny Gundam\"}}]"}}, {"model": "admin.logentry", "pk": 55, "fields": {"action_time": "2025-06-12T03:47:13.610Z", "user": 1, "content_type": 8, "object_id": "21", "object_repr": "Epyon Gundam", "action_flag": 1, "change_message": "[{\"added\": {}}, {\"added\": {\"name\": \"product image\", \"object\": \"Image for Epyon Gundam\"}}, {\"added\": {\"name\": \"product image\", \"object\": \"Image for Epyon Gundam\"}}, {\"added\": {\"name\": \"product image\", \"object\": \"Image for Epyon Gundam\"}}, {\"added\": {\"name\": \"product image\", \"object\": \"Image for Epyon Gundam\"}}, {\"added\": {\"name\": \"product image\", \"object\": \"Image for Epyon Gundam\"}}]"}}, {"model": "admin.logentry", "pk": 56, "fields": {"action_time": "2025-06-12T03:50:53.577Z", "user": 1, "content_type": 8, "object_id": "22", "object_repr": "GalBaldy", "action_flag": 1, "change_message": "[{\"added\": {}}, {\"added\": {\"name\": \"product image\", \"object\": \"Image for GalBaldy\"}}, {\"added\": {\"name\": \"product image\", \"object\": \"Image for GalBaldy\"}}, {\"added\": {\"name\": \"product image\", \"object\": \"Image for GalBaldy\"}}, {\"added\": {\"name\": \"product image\", \"object\": \"Image for GalBaldy\"}}]"}}, {"model": "admin.logentry", "pk": 57, "fields": {"action_time": "2025-06-12T03:57:58.168Z", "user": 1, "content_type": 8, "object_id": "23", "object_repr": "GM Sniper II", "action_flag": 1, "change_message": "[{\"added\": {}}, {\"added\": {\"name\": \"product image\", \"object\": \"Image for GM Sniper II\"}}, {\"added\": {\"name\": \"product image\", \"object\": \"Image for GM Sniper II\"}}, {\"added\": {\"name\": \"product image\", \"object\": \"Image for GM Sniper II\"}}, {\"added\": {\"name\": \"product image\", \"object\": \"Image for GM Sniper II\"}}]"}}, {"model": "admin.logentry", "pk": 58, "fields": {"action_time": "2025-06-12T04:00:29.316Z", "user": 1, "content_type": 8, "object_id": "24", "object_repr": "Gouf", "action_flag": 1, "change_message": "[{\"added\": {}}, {\"added\": {\"name\": \"product image\", \"object\": \"Image for Gouf\"}}, {\"added\": {\"name\": \"product image\", \"object\": \"Image for Gouf\"}}, {\"added\": {\"name\": \"product image\", \"object\": \"Image for Gouf\"}}]"}}, {"model": "admin.logentry", "pk": 59, "fields": {"action_time": "2025-06-12T04:04:01.818Z", "user": 1, "content_type": 8, "object_id": "25", "object_repr": "Gouf Flight Type", "action_flag": 1, "change_message": "[{\"added\": {}}, {\"added\": {\"name\": \"product image\", \"object\": \"Image for Gouf Flight Type\"}}, {\"added\": {\"name\": \"product image\", \"object\": \"Image for Gouf Flight Type\"}}, {\"added\": {\"name\": \"product image\", \"object\": \"Image for Gouf Flight Type\"}}, {\"added\": {\"name\": \"product image\", \"object\": \"Image for Gouf Flight Type\"}}, {\"added\": {\"name\": \"product image\", \"object\": \"Image for Gouf Flight Type\"}}]"}}, {"model": "admin.logentry", "pk": 60, "fields": {"action_time": "2025-06-12T04:10:42.053Z", "user": 1, "content_type": 8, "object_id": "26", "object_repr": "GP01Fb", "action_flag": 1, "change_message": "[{\"added\": {}}, {\"added\": {\"name\": \"product image\", \"object\": \"Image for GP01Fb\"}}, {\"added\": {\"name\": \"product image\", \"object\": \"Image for GP01Fb\"}}, {\"added\": {\"name\": \"product image\", \"object\": \"Image for GP01Fb\"}}, {\"added\": {\"name\": \"product image\", \"object\": \"Image for GP01Fb\"}}, {\"added\": {\"name\": \"product image\", \"object\": \"Image for GP01Fb\"}}]"}}, {"model": "admin.logentry", "pk": 61, "fields": {"action_time": "2025-06-12T04:16:18.979Z", "user": 1, "content_type": 8, "object_id": "27", "object_repr": "GP01-Fb", "action_flag": 1, "change_message": "[{\"added\": {}}, {\"added\": {\"name\": \"product image\", \"object\": \"Image for GP01-Fb\"}}, {\"added\": {\"name\": \"product image\", \"object\": \"Image for GP01-Fb\"}}, {\"added\": {\"name\": \"product image\", \"object\": \"Image for GP01-Fb\"}}, {\"added\": {\"name\": \"product image\", \"object\": \"Image for GP01-Fb\"}}, {\"added\": {\"name\": \"product image\", \"object\": \"Image for GP01-Fb\"}}]"}}, {"model": "admin.logentry", "pk": 62, "fields": {"action_time": "2025-06-12T04:17:35.693Z", "user": 1, "content_type": 8, "object_id": "28", "object_repr": "GP02A", "action_flag": 1, "change_message": "[{\"added\": {}}, {\"added\": {\"name\": \"product image\", \"object\": \"Image for GP02A\"}}, {\"added\": {\"name\": \"product image\", \"object\": \"Image for GP02A\"}}, {\"added\": {\"name\": \"product image\", \"object\": \"Image for GP02A\"}}]"}}, {"model": "admin.logentry", "pk": 63, "fields": {"action_time": "2025-06-12T04:24:24.817Z", "user": 1, "content_type": 8, "object_id": "29", "object_repr": "Gundam", "action_flag": 1, "change_message": "[{\"added\": {}}, {\"added\": {\"name\": \"product image\", \"object\": \"Image for Gundam\"}}, {\"added\": {\"name\": \"product image\", \"object\": \"Image for Gundam\"}}, {\"added\": {\"name\": \"product image\", \"object\": \"Image for Gundam\"}}, {\"added\": {\"name\": \"product image\", \"object\": \"Image for Gundam\"}}, {\"added\": {\"name\": \"product image\", \"object\": \"Image for Gundam\"}}]"}}, {"model": "admin.logentry", "pk": 64, "fields": {"action_time": "2025-06-12T04:28:30.694Z", "user": 1, "content_type": 8, "object_id": "30", "object_repr": "Hi Zaku", "action_flag": 1, "change_message": "[{\"added\": {}}, {\"added\": {\"name\": \"product image\", \"object\": \"Image for Hi Zaku\"}}, {\"added\": {\"name\": \"product image\", \"object\": \"Image for Hi Zaku\"}}, {\"added\": {\"name\": \"product image\", \"object\": \"Image for Hi Zaku\"}}, {\"added\": {\"name\": \"product image\", \"object\": \"Image for Hi Zaku\"}}, {\"added\": {\"name\": \"product image\", \"object\": \"Image for Hi Zaku\"}}]"}}, {"model": "admin.logentry", "pk": 65, "fields": {"action_time": "2025-06-12T04:31:40.856Z", "user": 1, "content_type": 8, "object_id": "31", "object_repr": "Hi-v", "action_flag": 1, "change_message": "[{\"added\": {}}, {\"added\": {\"name\": \"product image\", \"object\": \"Image for Hi-v\"}}, {\"added\": {\"name\": \"product image\", \"object\": \"Image for Hi-v\"}}, {\"added\": {\"name\": \"product image\", \"object\": \"Image for Hi-v\"}}, {\"added\": {\"name\": \"product image\", \"object\": \"Image for Hi-v\"}}]"}}, {"model": "admin.logentry", "pk": 66, "fields": {"action_time": "2025-06-12T04:35:58.405Z", "user": 1, "content_type": 8, "object_id": "26", "object_repr": "Hyaku Shiki", "action_flag": 2, "change_message": "[{\"changed\": {\"fields\": [\"Name\", \"Cover image\"]}}, {\"changed\": {\"name\": \"product image\", \"object\": \"Image for Hyaku Shiki\", \"fields\": [\"Image\"]}}, {\"changed\": {\"name\": \"product image\", \"object\": \"Image for Hyaku Shiki\", \"fields\": [\"Image\"]}}, {\"changed\": {\"name\": \"product image\", \"object\": \"Image for Hyaku Shiki\", \"fields\": [\"Image\"]}}, {\"changed\": {\"name\": \"product image\", \"object\": \"Image for Hyaku Shiki\", \"fields\": [\"Image\"]}}, {\"changed\": {\"name\": \"product image\", \"object\": \"Image for Hyaku Shiki\", \"fields\": [\"Image\"]}}]"}}, {"model": "admin.logentry", "pk": 67, "fields": {"action_time": "2025-06-12T04:41:43.178Z", "user": 1, "content_type": 8, "object_id": "32", "object_repr": "Hyatt Shiki Kai", "action_flag": 1, "change_message": "[{\"added\": {}}, {\"added\": {\"name\": \"product image\", \"object\": \"Image for Hyatt Shiki Kai\"}}, {\"added\": {\"name\": \"product image\", \"object\": \"Image for Hyatt Shiki Kai\"}}, {\"added\": {\"name\": \"product image\", \"object\": \"Image for Hyatt Shiki Kai\"}}, {\"added\": {\"name\": \"product image\", \"object\": \"Image for Hyatt Shiki Kai\"}}]"}}, {"model": "admin.logentry", "pk": 68, "fields": {"action_time": "2025-06-12T04:42:11.525Z", "user": 1, "content_type": 8, "object_id": "26", "object_repr": "Hyaku Shiki", "action_flag": 2, "change_message": "[{\"changed\": {\"fields\": [\"Category\"]}}]"}}, {"model": "admin.logentry", "pk": 69, "fields": {"action_time": "2025-06-12T06:03:48.712Z", "user": 1, "content_type": 8, "object_id": "33", "object_repr": "Justice Gundam", "action_flag": 1, "change_message": "[{\"added\": {}}, {\"added\": {\"name\": \"product image\", \"object\": \"Image for Justice Gundam\"}}, {\"added\": {\"name\": \"product image\", \"object\": \"Image for Justice Gundam\"}}, {\"added\": {\"name\": \"product image\", \"object\": \"Image for Justice Gundam\"}}]"}}, {"model": "admin.logentry", "pk": 70, "fields": {"action_time": "2025-06-12T06:05:03.447Z", "user": 1, "content_type": 8, "object_id": "34", "object_repr": "Leo", "action_flag": 1, "change_message": "[{\"added\": {}}, {\"added\": {\"name\": \"product image\", \"object\": \"Image for Leo\"}}, {\"added\": {\"name\": \"product image\", \"object\": \"Image for Leo\"}}, {\"added\": {\"name\": \"product image\", \"object\": \"Image for Leo\"}}]"}}, {"model": "admin.logentry", "pk": 71, "fields": {"action_time": "2025-06-12T06:06:21.202Z", "user": 1, "content_type": 8, "object_id": "35", "object_repr": "Master Gundam", "action_flag": 1, "change_message": "[{\"added\": {}}, {\"added\": {\"name\": \"product image\", \"object\": \"Image for Master Gundam\"}}, {\"added\": {\"name\": \"product image\", \"object\": \"Image for Master Gundam\"}}, {\"added\": {\"name\": \"product image\", \"object\": \"Image for Master Gundam\"}}, {\"added\": {\"name\": \"product image\", \"object\": \"Image for Master Gundam\"}}]"}}, {"model": "admin.logentry", "pk": 72, "fields": {"action_time": "2025-06-12T06:08:06.751Z", "user": 1, "content_type": 8, "object_id": "36", "object_repr": "Gundam Mk-II", "action_flag": 1, "change_message": "[{\"added\": {}}, {\"added\": {\"name\": \"product image\", \"object\": \"Image for Gundam Mk-II\"}}, {\"added\": {\"name\": \"product image\", \"object\": \"Image for Gundam Mk-II\"}}, {\"added\": {\"name\": \"product image\", \"object\": \"Image for Gundam Mk-II\"}}, {\"added\": {\"name\": \"product image\", \"object\": \"Image for Gundam Mk-II\"}}, {\"added\": {\"name\": \"product image\", \"object\": \"Image for Gundam Mk-II\"}}]"}}, {"model": "admin.logentry", "pk": 73, "fields": {"action_time": "2025-06-12T06:10:01.087Z", "user": 1, "content_type": 8, "object_id": "37", "object_repr": "Gundam Mk-Ii (Titans)", "action_flag": 1, "change_message": "[{\"added\": {}}, {\"added\": {\"name\": \"product image\", \"object\": \"Image for Gundam Mk-Ii (Titans)\"}}, {\"added\": {\"name\": \"product image\", \"object\": \"Image for Gundam Mk-Ii (Titans)\"}}, {\"added\": {\"name\": \"product image\", \"object\": \"Image for Gundam Mk-Ii (Titans)\"}}, {\"added\": {\"name\": \"product image\", \"object\": \"Image for Gundam Mk-Ii (Titans)\"}}, {\"added\": {\"name\": \"product image\", \"object\": \"Image for Gundam Mk-Ii (Titans)\"}}]"}}, {"model": "admin.logentry", "pk": 74, "fields": {"action_time": "2025-06-12T06:12:37.041Z", "user": 1, "content_type": 8, "object_id": "38", "object_repr": "Prototype ZZ Gundam", "action_flag": 1, "change_message": "[{\"added\": {}}, {\"added\": {\"name\": \"product image\", \"object\": \"Image for Prototype ZZ Gundam\"}}, {\"added\": {\"name\": \"product image\", \"object\": \"Image for Prototype ZZ Gundam\"}}, {\"added\": {\"name\": \"product image\", \"object\": \"Image for Prototype ZZ Gundam\"}}, {\"added\": {\"name\": \"product image\", \"object\": \"Image for Prototype ZZ Gundam\"}}, {\"added\": {\"name\": \"product image\", \"object\": \"Image for Prototype ZZ Gundam\"}}]"}}, {"model": "admin.logentry", "pk": 75, "fields": {"action_time": "2025-06-12T06:27:07.507Z", "user": 1, "content_type": 8, "object_id": "39", "object_repr": "Rick Dias", "action_flag": 1, "change_message": "[{\"added\": {}}, {\"added\": {\"name\": \"product image\", \"object\": \"Image for Rick Dias\"}}, {\"added\": {\"name\": \"product image\", \"object\": \"Image for Rick Dias\"}}, {\"added\": {\"name\": \"product image\", \"object\": \"Image for Rick Dias\"}}, {\"added\": {\"name\": \"product image\", \"object\": \"Image for Rick Dias\"}}]"}}, {"model": "admin.logentry", "pk": 76, "fields": {"action_time": "2025-06-12T06:28:42.182Z", "user": 1, "content_type": 8, "object_id": "40", "object_repr": "Sazabi", "action_flag": 1, "change_message": "[{\"added\": {}}, {\"added\": {\"name\": \"product image\", \"object\": \"Image for Sazabi\"}}, {\"added\": {\"name\": \"product image\", \"object\": \"Image for Sazabi\"}}, {\"added\": {\"name\": \"product image\", \"object\": \"Image for Sazabi\"}}]"}}, {"model": "admin.logentry", "pk": 77, "fields": {"action_time": "2025-06-12T06:30:55.458Z", "user": 1, "content_type": 8, "object_id": "41", "object_repr": "Shenlong Gundam", "action_flag": 1, "change_message": "[{\"added\": {}}, {\"added\": {\"name\": \"product image\", \"object\": \"Image for Shenlong Gundam\"}}, {\"added\": {\"name\": \"product image\", \"object\": \"Image for Shenlong Gundam\"}}, {\"added\": {\"name\": \"product image\", \"object\": \"Image for Shenlong Gundam\"}}, {\"added\": {\"name\": \"product image\", \"object\": \"Image for Shenlong Gundam\"}}]"}}, {"model": "admin.logentry", "pk": 78, "fields": {"action_time": "2025-06-12T06:35:40.284Z", "user": 1, "content_type": 8, "object_id": "19", "object_repr": "Gundam Deathscythe Hell", "action_flag": 2, "change_message": "[{\"changed\": {\"fields\": [\"Cover image\"]}}]"}}, {"model": "admin.logentry", "pk": 79, "fields": {"action_time": "2025-06-12T06:37:41.145Z", "user": 1, "content_type": 8, "object_id": "42", "object_repr": "Shining Gundam", "action_flag": 1, "change_message": "[{\"added\": {}}, {\"added\": {\"name\": \"product image\", \"object\": \"Image for Shining Gundam\"}}, {\"added\": {\"name\": \"product image\", \"object\": \"Image for Shining Gundam\"}}, {\"added\": {\"name\": \"product image\", \"object\": \"Image for Shining Gundam\"}}, {\"added\": {\"name\": \"product image\", \"object\": \"Image for Shining Gundam\"}}]"}}, {"model": "admin.logentry", "pk": 80, "fields": {"action_time": "2025-06-12T06:42:28.586Z", "user": 1, "content_type": 8, "object_id": "43", "object_repr": "Strike Gundam", "action_flag": 1, "change_message": "[{\"added\": {}}, {\"added\": {\"name\": \"product image\", \"object\": \"Image for Strike Gundam\"}}, {\"added\": {\"name\": \"product image\", \"object\": \"Image for Strike Gundam\"}}, {\"added\": {\"name\": \"product image\", \"object\": \"Image for Strike Gundam\"}}, {\"added\": {\"name\": \"product image\", \"object\": \"Image for Strike Gundam\"}}, {\"added\": {\"name\": \"product image\", \"object\": \"Image for Strike Gundam\"}}]"}}, {"model": "admin.logentry", "pk": 81, "fields": {"action_time": "2025-06-12T06:43:56.698Z", "user": 1, "content_type": 8, "object_id": "44", "object_repr": "Strike Freedom Gundam", "action_flag": 1, "change_message": "[{\"added\": {}}, {\"added\": {\"name\": \"product image\", \"object\": \"Image for Strike Freedom Gundam\"}}, {\"added\": {\"name\": \"product image\", \"object\": \"Image for Strike Freedom Gundam\"}}, {\"added\": {\"name\": \"product image\", \"object\": \"Image for Strike Freedom Gundam\"}}]"}}, {"model": "admin.logentry", "pk": 82, "fields": {"action_time": "2025-06-12T06:45:35.833Z", "user": 1, "content_type": 8, "object_id": "45", "object_repr": "Sword Impuse Gundam", "action_flag": 1, "change_message": "[{\"added\": {}}, {\"added\": {\"name\": \"product image\", \"object\": \"Image for Sword Impuse Gundam\"}}, {\"added\": {\"name\": \"product image\", \"object\": \"Image for Sword Impuse Gundam\"}}, {\"added\": {\"name\": \"product image\", \"object\": \"Image for Sword Impuse Gundam\"}}]"}}, {"model": "admin.logentry", "pk": 83, "fields": {"action_time": "2025-06-12T06:46:50.934Z", "user": 1, "content_type": 8, "object_id": "45", "object_repr": "Sword Impulse Gundam", "action_flag": 2, "change_message": "[{\"changed\": {\"fields\": [\"Name\"]}}]"}}, {"model": "admin.logentry", "pk": 84, "fields": {"action_time": "2025-06-12T06:48:25.391Z", "user": 1, "content_type": 8, "object_id": "46", "object_repr": "Tallgeese II", "action_flag": 1, "change_message": "[{\"added\": {}}, {\"added\": {\"name\": \"product image\", \"object\": \"Image for Tallgeese II\"}}, {\"added\": {\"name\": \"product image\", \"object\": \"Image for Tallgeese II\"}}, {\"added\": {\"name\": \"product image\", \"object\": \"Image for Tallgeese II\"}}, {\"added\": {\"name\": \"product image\", \"object\": \"Image for Tallgeese II\"}}, {\"added\": {\"name\": \"product image\", \"object\": \"Image for Tallgeese II\"}}]"}}, {"model": "admin.logentry", "pk": 85, "fields": {"action_time": "2025-06-12T06:50:10.863Z", "user": 1, "content_type": 8, "object_id": "47", "object_repr": "Unicorn Gundam", "action_flag": 1, "change_message": "[{\"added\": {}}, {\"added\": {\"name\": \"product image\", \"object\": \"Image for Unicorn Gundam\"}}, {\"added\": {\"name\": \"product image\", \"object\": \"Image for Unicorn Gundam\"}}, {\"added\": {\"name\": \"product image\", \"object\": \"Image for Unicorn Gundam\"}}, {\"added\": {\"name\": \"product image\", \"object\": \"Image for Unicorn Gundam\"}}, {\"added\": {\"name\": \"product image\", \"object\": \"Image for Unicorn Gundam\"}}]"}}, {"model": "admin.logentry", "pk": 86, "fields": {"action_time": "2025-06-12T06:50:27.848Z", "user": 1, "content_type": 7, "object_id": "11", "object_repr": "Unicorn", "action_flag": 2, "change_message": "[{\"changed\": {\"fields\": [\"Name\"]}}]"}}, {"model": "admin.logentry", "pk": 87, "fields": {"action_time": "2025-06-12T06:52:00.956Z", "user": 1, "content_type": 8, "object_id": "48", "object_repr": "v Gundam", "action_flag": 1, "change_message": "[{\"added\": {}}, {\"added\": {\"name\": \"product image\", \"object\": \"Image for v Gundam\"}}, {\"added\": {\"name\": \"product image\", \"object\": \"Image for v Gundam\"}}, {\"added\": {\"name\": \"product image\", \"object\": \"Image for v Gundam\"}}, {\"added\": {\"name\": \"product image\", \"object\": \"Image for v Gundam\"}}]"}}, {"model": "admin.logentry", "pk": 88, "fields": {"action_time": "2025-06-12T06:57:23.144Z", "user": 1, "content_type": 8, "object_id": "49", "object_repr": "Wing Zero Gundam", "action_flag": 1, "change_message": "[{\"added\": {}}, {\"added\": {\"name\": \"product image\", \"object\": \"Image for Wing Zero Gundam\"}}, {\"added\": {\"name\": \"product image\", \"object\": \"Image for Wing Zero Gundam\"}}, {\"added\": {\"name\": \"product image\", \"object\": \"Image for Wing Zero Gundam\"}}, {\"added\": {\"name\": \"product image\", \"object\": \"Image for Wing Zero Gundam\"}}, {\"added\": {\"name\": \"product image\", \"object\": \"Image for Wing Zero Gundam\"}}]"}}, {"model": "admin.logentry", "pk": 89, "fields": {"action_time": "2025-06-12T07:00:56.516Z", "user": 1, "content_type": 8, "object_id": "50", "object_repr": "Z'Gok", "action_flag": 1, "change_message": "[{\"added\": {}}, {\"added\": {\"name\": \"product image\", \"object\": \"Image for Z'Gok\"}}, {\"added\": {\"name\": \"product image\", \"object\": \"Image for Z'Gok\"}}, {\"added\": {\"name\": \"product image\", \"object\": \"Image for Z'Gok\"}}]"}}, {"model": "admin.logentry", "pk": 90, "fields": {"action_time": "2025-06-12T07:05:35.285Z", "user": 1, "content_type": 8, "object_id": "51", "object_repr": "Zeta Gundam", "action_flag": 1, "change_message": "[{\"added\": {}}, {\"added\": {\"name\": \"product image\", \"object\": \"Image for Zeta Gundam\"}}, {\"added\": {\"name\": \"product image\", \"object\": \"Image for Zeta Gundam\"}}, {\"added\": {\"name\": \"product image\", \"object\": \"Image for Zeta Gundam\"}}, {\"added\": {\"name\": \"product image\", \"object\": \"Image for Zeta Gundam\"}}, {\"added\": {\"name\": \"product image\", \"object\": \"Image for Zeta Gundam\"}}]"}}, {"model": "auth.permission", "pk": 1, "fields": {"name": "Can add log entry", "content_type": 1, "codename": "add_logentry"}}, {"model": "auth.permission", "pk": 2, "fields": {"name": "Can change log entry", "content_type": 1, "codename": "change_logentry"}}, {"model": "auth.permission", "pk": 3, "fields": {"name": "Can delete log entry", "content_type": 1, "codename": "delete_logentry"}}, {"model": "auth.permission", "pk": 4, "fields": {"name": "Can view log entry", "content_type": 1, "codename": "view_logentry"}}, {"model": "auth.permission", "pk": 5, "fields": {"name": "Can add permission", "content_type": 2, "codename": "add_permission"}}, {"model": "auth.permission", "pk": 6, "fields": {"name": "Can change permission", "content_type": 2, "codename": "change_permission"}}, {"model": "auth.permission", "pk": 7, "fields": {"name": "Can delete permission", "content_type": 2, "codename": "delete_permission"}}, {"model": "auth.permission", "pk": 8, "fields": {"name": "Can view permission", "content_type": 2, "codename": "view_permission"}}, {"model": "auth.permission", "pk": 9, "fields": {"name": "Can add group", "content_type": 3, "codename": "add_group"}}, {"model": "auth.permission", "pk": 10, "fields": {"name": "Can change group", "content_type": 3, "codename": "change_group"}}, {"model": "auth.permission", "pk": 11, "fields": {"name": "Can delete group", "content_type": 3, "codename": "delete_group"}}, {"model": "auth.permission", "pk": 12, "fields": {"name": "Can view group", "content_type": 3, "codename": "view_group"}}, {"model": "auth.permission", "pk": 13, "fields": {"name": "Can add user", "content_type": 4, "codename": "add_user"}}, {"model": "auth.permission", "pk": 14, "fields": {"name": "Can change user", "content_type": 4, "codename": "change_user"}}, {"model": "auth.permission", "pk": 15, "fields": {"name": "Can delete user", "content_type": 4, "codename": "delete_user"}}, {"model": "auth.permission", "pk": 16, "fields": {"name": "Can view user", "content_type": 4, "codename": "view_user"}}, {"model": "auth.permission", "pk": 17, "fields": {"name": "Can add content type", "content_type": 5, "codename": "add_contenttype"}}, {"model": "auth.permission", "pk": 18, "fields": {"name": "Can change content type", "content_type": 5, "codename": "change_contenttype"}}, {"model": "auth.permission", "pk": 19, "fields": {"name": "Can delete content type", "content_type": 5, "codename": "delete_contenttype"}}, {"model": "auth.permission", "pk": 20, "fields": {"name": "Can view content type", "content_type": 5, "codename": "view_contenttype"}}, {"model": "auth.permission", "pk": 21, "fields": {"name": "Can add session", "content_type": 6, "codename": "add_session"}}, {"model": "auth.permission", "pk": 22, "fields": {"name": "Can change session", "content_type": 6, "codename": "change_session"}}, {"model": "auth.permission", "pk": 23, "fields": {"name": "Can delete session", "content_type": 6, "codename": "delete_session"}}, {"model": "auth.permission", "pk": 24, "fields": {"name": "Can view session", "content_type": 6, "codename": "view_session"}}, {"model": "auth.permission", "pk": 25, "fields": {"name": "Can add category", "content_type": 7, "codename": "add_category"}}, {"model": "auth.permission", "pk": 26, "fields": {"name": "Can change category", "content_type": 7, "codename": "change_category"}}, {"model": "auth.permission", "pk": 27, "fields": {"name": "Can delete category", "content_type": 7, "codename": "delete_category"}}, {"model": "auth.permission", "pk": 28, "fields": {"name": "Can view category", "content_type": 7, "codename": "view_category"}}, {"model": "auth.permission", "pk": 29, "fields": {"name": "Can add product", "content_type": 8, "codename": "add_product"}}, {"model": "auth.permission", "pk": 30, "fields": {"name": "Can change product", "content_type": 8, "codename": "change_product"}}, {"model": "auth.permission", "pk": 31, "fields": {"name": "Can delete product", "content_type": 8, "codename": "delete_product"}}, {"model": "auth.permission", "pk": 32, "fields": {"name": "Can view product", "content_type": 8, "codename": "view_product"}}, {"model": "auth.permission", "pk": 33, "fields": {"name": "Can add product image", "content_type": 9, "codename": "add_productimage"}}, {"model": "auth.permission", "pk": 34, "fields": {"name": "Can change product image", "content_type": 9, "codename": "change_productimage"}}, {"model": "auth.permission", "pk": 35, "fields": {"name": "Can delete product image", "content_type": 9, "codename": "delete_productimage"}}, {"model": "auth.permission", "pk": 36, "fields": {"name": "Can view product image", "content_type": 9, "codename": "view_productimage"}}, {"model": "auth.user", "pk": 1, "fields": {"password": "pbkdf2_sha256$1000000$oyooJB0AgFb58D1trECUwr$20jdBx0tHd+KFVD047FlS1DULDduOSm15ZTQBASMUX4=", "last_login": "2025-06-07T17:07:40.105Z", "is_superuser": true, "username": "kalpakjian", "first_name": "", "last_name": "", "email": "princekalpakjian@gmail.com", "is_staff": true, "is_active": true, "date_joined": "2025-06-07T17:05:38.365Z", "groups": [], "user_permissions": []}}, {"model": "contenttypes.contenttype", "pk": 1, "fields": {"app_label": "admin", "model": "logentry"}}, {"model": "contenttypes.contenttype", "pk": 2, "fields": {"app_label": "auth", "model": "permission"}}, {"model": "contenttypes.contenttype", "pk": 3, "fields": {"app_label": "auth", "model": "group"}}, {"model": "contenttypes.contenttype", "pk": 4, "fields": {"app_label": "auth", "model": "user"}}, {"model": "contenttypes.contenttype", "pk": 5, "fields": {"app_label": "contenttypes", "model": "contenttype"}}, {"model": "contenttypes.contenttype", "pk": 6, "fields": {"app_label": "sessions", "model": "session"}}, {"model": "contenttypes.contenttype", "pk": 7, "fields": {"app_label": "store", "model": "category"}}, {"model": "contenttypes.contenttype", "pk": 8, "fields": {"app_label": "store", "model": "product"}}, {"model": "contenttypes.contenttype", "pk": 9, "fields": {"app_label": "store", "model": "productimage"}}, {"model": "sessions.session", "pk": "uftrp8fk7vwj5ei6tzegedy7oqq3sr21", "fields": {"session_data": ".eJxVjMsOwiAQRf-FtSE8BVy67zeQgRmkaiAp7cr479qkC93ec859sQjbWuM2aIkzsguT7PS7JcgPajvAO7Rb57m3dZkT3xV-0MGnjvS8Hu7fQYVRv7XXooB1ZIISZ2u9kVkKlwARIYUABYtSAqgY7wwgJV80aQVBSK2JFHt_AOcXOFc:1uNx1A:xWdr8haPiecUhOQ3vZpluQ_Gn1QBETHk0tzj5wmY3Bw", "expire_date": "2025-06-21T17:07:40.105Z"}}, {"model": "store.category", "pk": 5, "fields": {"name": "Seed", "description": ""}}, {"model": "store.category", "pk": 6, "fields": {"name": "Z", "description": ""}}, {"model": "store.category", "pk": 7, "fields": {"name": "ZZ", "description": ""}}, {"model": "store.category", "pk": 8, "fields": {"name": "Char", "description": ""}}, {"model": "store.category", "pk": 9, "fields": {"name": "Gundam", "description": ""}}, {"model": "store.category", "pk": 10, "fields": {"name": "Wing", "description": ""}}, {"model": "store.category", "pk": 11, "fields": {"name": "Unicorn", "description": ""}}, {"model": "store.category", "pk": 12, "fields": {"name": "G", "description": ""}}, {"model": "store.category", "pk": 13, "fields": {"name": "Blue Denstiny", "description": ""}}, {"model": "store.product", "pk": 12, "fields": {"name": "Aegis", "description": "", "price": "1.00", "discount_price": null, "stock": 1, "category": 5, "scale": "", "created_at": "2025-06-12T03:07:40.385Z", "cover_image": "products/covers/gags_c_bqsbRpY.jpg", "cloudinary_url": ""}}, {"model": "store.product", "pk": 13, "fields": {"name": "Ball", "description": "", "price": "1.00", "discount_price": null, "stock": 1, "category": 9, "scale": "", "created_at": "2025-06-12T03:12:16.071Z", "cover_image": "products/covers/b_c.jpg", "cloudinary_url": ""}}, {"model": "store.product", "pk": 14, "fields": {"name": "Banshee", "description": "", "price": "1.00", "discount_price": null, "stock": 1, "category": 11, "scale": "", "created_at": "2025-06-12T03:16:17.280Z", "cover_image": "products/covers/bsg_c.jpg", "cloudinary_url": ""}}, {"model": "store.product", "pk": 15, "fields": {"name": "Big Zam", "description": "", "price": "1.00", "discount_price": null, "stock": 1, "category": 9, "scale": "", "created_at": "2025-06-12T03:21:59.031Z", "cover_image": "products/covers/bz_c.jpg", "cloudinary_url": ""}}, {"model": "store.product", "pk": 16, "fields": {"name": "Blue Destiny Unit 3", "description": "", "price": "1.00", "discount_price": null, "stock": 1, "category": 13, "scale": "", "created_at": "2025-06-12T03:27:59.305Z", "cover_image": "products/covers/bdu3_c.jpg", "cloudinary_url": ""}}, {"model": "store.product", "pk": 17, "fields": {"name": "Char's Zaku II", "description": "", "price": "1.00", "discount_price": null, "stock": 1, "category": 8, "scale": "", "created_at": "2025-06-12T03:32:22.073Z", "cover_image": "products/covers/rzaku2_c.jpg", "cloudinary_url": ""}}, {"model": "store.product", "pk": 18, "fields": {"name": "God Gundam", "description": "", "price": "1.00", "discount_price": null, "stock": 1, "category": 12, "scale": "", "created_at": "2025-06-12T03:37:15.342Z", "cover_image": "products/covers/bg_c.jpg", "cloudinary_url": ""}}, {"model": "store.product", "pk": 19, "fields": {"name": "Gundam Deathscythe Hell", "description": "", "price": "1.00", "discount_price": null, "stock": 1, "category": 10, "scale": "", "created_at": "2025-06-12T03:40:34.386Z", "cover_image": "products/covers/gdh_c.jpg", "cloudinary_url": ""}}, {"model": "store.product", "pk": 20, "fields": {"name": "Destiny Gundam", "description": "", "price": "1.00", "discount_price": null, "stock": 1, "category": 5, "scale": "", "created_at": "2025-06-12T03:42:37.884Z", "cover_image": "products/covers/gd_c.jpg", "cloudinary_url": ""}}, {"model": "store.product", "pk": 21, "fields": {"name": "Epyon Gundam", "description": "", "price": "1.00", "discount_price": null, "stock": 1, "category": 10, "scale": "", "created_at": "2025-06-12T03:47:13.604Z", "cover_image": "products/covers/eg_c.jpg", "cloudinary_url": ""}}, {"model": "store.product", "pk": 22, "fields": {"name": "GalBaldy", "description": "", "price": "1.00", "discount_price": null, "stock": 1, "category": 6, "scale": "", "created_at": "2025-06-12T03:50:53.569Z", "cover_image": "products/covers/gal_c.jpg", "cloudinary_url": ""}}, {"model": "store.product", "pk": 23, "fields": {"name": "GM Sniper II", "description": "", "price": "1.00", "discount_price": null, "stock": 1, "category": 9, "scale": "", "created_at": "2025-06-12T03:57:58.162Z", "cover_image": "products/covers/spgm_c.jpg", "cloudinary_url": ""}}, {"model": "store.product", "pk": 24, "fields": {"name": "Gouf", "description": "", "price": "1.00", "discount_price": null, "stock": 1, "category": 9, "scale": "", "created_at": "2025-06-12T04:00:29.312Z", "cover_image": "products/covers/gf_c.jpg", "cloudinary_url": ""}}, {"model": "store.product", "pk": 25, "fields": {"name": "Gouf Flight Type", "description": "", "price": "1.00", "discount_price": null, "stock": 1, "category": 9, "scale": "", "created_at": "2025-06-12T04:04:01.810Z", "cover_image": "products/covers/gft_c.jpg", "cloudinary_url": ""}}, {"model": "store.product", "pk": 26, "fields": {"name": "Hyaku Shiki", "description": "", "price": "1.00", "discount_price": null, "stock": 1, "category": 6, "scale": "", "created_at": "2025-06-12T04:10:42.046Z", "cover_image": "products/covers/hk_c.jpg", "cloudinary_url": ""}}, {"model": "store.product", "pk": 27, "fields": {"name": "GP01-Fb", "description": "", "price": "1.00", "discount_price": null, "stock": 1, "category": 9, "scale": "", "created_at": "2025-06-12T04:16:18.972Z", "cover_image": "products/covers/gp01fb_c_078nHoh.jpg", "cloudinary_url": ""}}, {"model": "store.product", "pk": 28, "fields": {"name": "GP02A", "description": "", "price": "1.00", "discount_price": null, "stock": 1, "category": 9, "scale": "", "created_at": "2025-06-12T04:17:35.685Z", "cover_image": "products/covers/gp2_c.jpg", "cloudinary_url": ""}}, {"model": "store.product", "pk": 29, "fields": {"name": "Gundam", "description": "", "price": "1.00", "discount_price": null, "stock": 1, "category": 9, "scale": "", "created_at": "2025-06-12T04:24:24.808Z", "cover_image": "products/covers/og_c.jpg", "cloudinary_url": ""}}, {"model": "store.product", "pk": 30, "fields": {"name": "Hi Zaku", "description": "", "price": "1.00", "discount_price": null, "stock": 1, "category": 9, "scale": "", "created_at": "2025-06-12T04:28:30.687Z", "cover_image": "products/covers/hz_c.jpg", "cloudinary_url": ""}}, {"model": "store.product", "pk": 31, "fields": {"name": "Hi-v", "description": "", "price": "1.00", "discount_price": null, "stock": 1, "category": 9, "scale": "", "created_at": "2025-06-12T04:31:40.848Z", "cover_image": "products/covers/hng_c.jpg", "cloudinary_url": ""}}, {"model": "store.product", "pk": 32, "fields": {"name": "Hyatt Shiki Kai", "description": "", "price": "1.00", "discount_price": null, "stock": 1, "category": 7, "scale": "", "created_at": "2025-06-12T04:41:43.172Z", "cover_image": "products/covers/hkfa_c.png", "cloudinary_url": ""}}, {"model": "store.product", "pk": 33, "fields": {"name": "Justice Gundam", "description": "", "price": "1.00", "discount_price": null, "stock": 1, "category": 5, "scale": "", "created_at": "2025-06-12T06:03:48.704Z", "cover_image": "products/covers/gj_c.jpg", "cloudinary_url": ""}}, {"model": "store.product", "pk": 34, "fields": {"name": "Leo", "description": "", "price": "1.00", "discount_price": null, "stock": 1, "category": 10, "scale": "", "created_at": "2025-06-12T06:05:03.441Z", "cover_image": "products/covers/leo_c.jpg", "cloudinary_url": ""}}, {"model": "store.product", "pk": 35, "fields": {"name": "Master Gundam", "description": "", "price": "1.00", "discount_price": null, "stock": 1, "category": 12, "scale": "", "created_at": "2025-06-12T06:06:21.195Z", "cover_image": "products/covers/mg_c.jpg", "cloudinary_url": ""}}, {"model": "store.product", "pk": 36, "fields": {"name": "Gundam Mk-II", "description": "", "price": "1.00", "discount_price": null, "stock": 1, "category": 8, "scale": "", "created_at": "2025-06-12T06:08:06.740Z", "cover_image": "products/covers/gmk2_c.jpg", "cloudinary_url": ""}}, {"model": "store.product", "pk": 37, "fields": {"name": "Gundam Mk-Ii (Titans)", "description": "", "price": "1.00", "discount_price": null, "stock": 1, "category": 6, "scale": "", "created_at": "2025-06-12T06:10:01.083Z", "cover_image": "products/covers/mk2t_c.jpg", "cloudinary_url": ""}}, {"model": "store.product", "pk": 38, "fields": {"name": "Prototype ZZ Gundam", "description": "", "price": "1.00", "discount_price": null, "stock": 1, "category": 7, "scale": "", "created_at": "2025-06-12T06:12:37.032Z", "cover_image": "products/covers/zz_c.jpg", "cloudinary_url": ""}}, {"model": "store.product", "pk": 39, "fields": {"name": "Rick Dias", "description": "", "price": "1.00", "discount_price": null, "stock": 1, "category": 8, "scale": "", "created_at": "2025-06-12T06:27:07.502Z", "cover_image": "products/covers/rds_c.jpg", "cloudinary_url": ""}}, {"model": "store.product", "pk": 40, "fields": {"name": "Sazabi", "description": "", "price": "1.00", "discount_price": null, "stock": 1, "category": 8, "scale": "", "created_at": "2025-06-12T06:28:42.175Z", "cover_image": "products/covers/szb_c.jpg", "cloudinary_url": ""}}, {"model": "store.product", "pk": 41, "fields": {"name": "Shenlong Gundam", "description": "", "price": "1.00", "discount_price": null, "stock": 1, "category": 10, "scale": "", "created_at": "2025-06-12T06:30:55.453Z", "cover_image": "products/covers/sl_c.jpg", "cloudinary_url": ""}}, {"model": "store.product", "pk": 42, "fields": {"name": "Shining Gundam", "description": "", "price": "1.00", "discount_price": null, "stock": 1, "category": 12, "scale": "", "created_at": "2025-06-12T06:37:41.137Z", "cover_image": "products/covers/shin_c.jpg", "cloudinary_url": ""}}, {"model": "store.product", "pk": 43, "fields": {"name": "Strike Gundam", "description": "", "price": "1.00", "discount_price": null, "stock": 1, "category": 5, "scale": "", "created_at": "2025-06-12T06:42:28.579Z", "cover_image": "products/covers/sg_c.jpg", "cloudinary_url": ""}}, {"model": "store.product", "pk": 44, "fields": {"name": "Strike Freedom Gundam", "description": "", "price": "1.00", "discount_price": null, "stock": 1, "category": 5, "scale": "", "created_at": "2025-06-12T06:43:56.692Z", "cover_image": "products/covers/gsf_c.jpg", "cloudinary_url": ""}}, {"model": "store.product", "pk": 45, "fields": {"name": "Sword Impulse Gundam", "description": "", "price": "1.00", "discount_price": null, "stock": 1, "category": 5, "scale": "", "created_at": "2025-06-12T06:45:35.827Z", "cover_image": "products/covers/sig_c.jpg", "cloudinary_url": ""}}, {"model": "store.product", "pk": 46, "fields": {"name": "Tallgeese II", "description": "", "price": "1.00", "discount_price": null, "stock": 1, "category": 10, "scale": "", "created_at": "2025-06-12T06:48:25.387Z", "cover_image": "products/covers/tgs2_c.jpg", "cloudinary_url": ""}}, {"model": "store.product", "pk": 47, "fields": {"name": "Unicorn Gundam", "description": "", "price": "1.00", "discount_price": null, "stock": 1, "category": 11, "scale": "", "created_at": "2025-06-12T06:50:10.856Z", "cover_image": "products/covers/ug_c.jpg", "cloudinary_url": ""}}, {"model": "store.product", "pk": 48, "fields": {"name": "v Gundam", "description": "", "price": "1.00", "discount_price": null, "stock": 1, "category": 8, "scale": "", "created_at": "2025-06-12T06:52:00.949Z", "cover_image": "products/covers/v_c.jpg", "cloudinary_url": ""}}, {"model": "store.product", "pk": 49, "fields": {"name": "Wing Zero Gundam", "description": "", "price": "1.00", "discount_price": null, "stock": 1, "category": 10, "scale": "", "created_at": "2025-06-12T06:57:23.134Z", "cover_image": "products/covers/w0_c.jpg", "cloudinary_url": ""}}, {"model": "store.product", "pk": 50, "fields": {"name": "Z'Gok", "description": "", "price": "1.00", "discount_price": null, "stock": 1, "category": 9, "scale": "", "created_at": "2025-06-12T07:00:56.511Z", "cover_image": "products/covers/cb_c.jpg", "cloudinary_url": ""}}, {"model": "store.product", "pk": 51, "fields": {"name": "Zeta Gundam", "description": "", "price": "1.00", "discount_price": null, "stock": 1, "category": 6, "scale": "", "created_at": "2025-06-12T07:05:35.275Z", "cover_image": "products/covers/zg_c.jpg", "cloudinary_url": ""}}, {"model": "store.productimage", "pk": 46, "fields": {"product": 12, "image": "products/images/gags_01_KRIdSBe.jpg", "cloudinary_url": "", "description": "", "order": 0}}, {"model": "store.productimage", "pk": 47, "fields": {"product": 13, "image": "products/images/b_01.jpg", "cloudinary_url": "", "description": "", "order": 0}}, {"model": "store.productimage", "pk": 48, "fields": {"product": 13, "image": "products/images/b_02.jpg", "cloudinary_url": "", "description": "", "order": 0}}, {"model": "store.productimage", "pk": 49, "fields": {"product": 13, "image": "products/images/b_03.jpg", "cloudinary_url": "", "description": "", "order": 0}}, {"model": "store.productimage", "pk": 50, "fields": {"product": 14, "image": "products/images/bsg_01.jpg", "cloudinary_url": "", "description": "", "order": 0}}, {"model": "store.productimage", "pk": 51, "fields": {"product": 14, "image": "products/images/bsg_02.jpg", "cloudinary_url": "", "description": "", "order": 0}}, {"model": "store.productimage", "pk": 52, "fields": {"product": 14, "image": "products/images/bsg_03.jpg", "cloudinary_url": "", "description": "", "order": 0}}, {"model": "store.productimage", "pk": 53, "fields": {"product": 14, "image": "products/images/bsg_04.jpg", "cloudinary_url": "", "description": "", "order": 0}}, {"model": "store.productimage", "pk": 54, "fields": {"product": 15, "image": "products/images/bz_0.jpg", "cloudinary_url": "", "description": "", "order": 0}}, {"model": "store.productimage", "pk": 55, "fields": {"product": 15, "image": "products/images/bz_02.jpg", "cloudinary_url": "", "description": "", "order": 0}}, {"model": "store.productimage", "pk": 56, "fields": {"product": 15, "image": "products/images/bz_03.jpg", "cloudinary_url": "", "description": "", "order": 0}}, {"model": "store.productimage", "pk": 57, "fields": {"product": 15, "image": "products/images/bz_04.jpg", "cloudinary_url": "", "description": "", "order": 0}}, {"model": "store.productimage", "pk": 58, "fields": {"product": 16, "image": "products/images/bdu3_02.jpg", "cloudinary_url": "", "description": "", "order": 0}}, {"model": "store.productimage", "pk": 59, "fields": {"product": 16, "image": "products/images/bdu3_03.jpg", "cloudinary_url": "", "description": "", "order": 0}}, {"model": "store.productimage", "pk": 60, "fields": {"product": 16, "image": "products/images/bdu3_04.jpg", "cloudinary_url": "", "description": "", "order": 0}}, {"model": "store.productimage", "pk": 61, "fields": {"product": 16, "image": "products/images/bdu3_05.jpg", "cloudinary_url": "", "description": "", "order": 0}}, {"model": "store.productimage", "pk": 62, "fields": {"product": 17, "image": "products/images/rzaku2_01.jpg", "cloudinary_url": "", "description": "", "order": 0}}, {"model": "store.productimage", "pk": 63, "fields": {"product": 17, "image": "products/images/rzaku2_02.jpg", "cloudinary_url": "", "description": "", "order": 0}}, {"model": "store.productimage", "pk": 64, "fields": {"product": 17, "image": "products/images/rzaku2_03.jpg", "cloudinary_url": "", "description": "", "order": 0}}, {"model": "store.productimage", "pk": 65, "fields": {"product": 17, "image": "products/images/rzaku2_04.jpg", "cloudinary_url": "", "description": "", "order": 0}}, {"model": "store.productimage", "pk": 66, "fields": {"product": 17, "image": "products/images/rzaku2_05.jpg", "cloudinary_url": "", "description": "", "order": 0}}, {"model": "store.productimage", "pk": 67, "fields": {"product": 18, "image": "products/images/bg_01.jpg", "cloudinary_url": "", "description": "", "order": 0}}, {"model": "store.productimage", "pk": 68, "fields": {"product": 18, "image": "products/images/bg_02.jpg", "cloudinary_url": "", "description": "", "order": 0}}, {"model": "store.productimage", "pk": 69, "fields": {"product": 18, "image": "products/images/bg_03.jpg", "cloudinary_url": "", "description": "", "order": 0}}, {"model": "store.productimage", "pk": 70, "fields": {"product": 18, "image": "products/images/bg_04.jpg", "cloudinary_url": "", "description": "", "order": 0}}, {"model": "store.productimage", "pk": 71, "fields": {"product": 19, "image": "products/images/gdh_01.jpg", "cloudinary_url": "", "description": "", "order": 0}}, {"model": "store.productimage", "pk": 72, "fields": {"product": 19, "image": "products/images/gdh_02.jpg", "cloudinary_url": "", "description": "", "order": 0}}, {"model": "store.productimage", "pk": 73, "fields": {"product": 19, "image": "products/images/gdh_03.jpg", "cloudinary_url": "", "description": "", "order": 0}}, {"model": "store.productimage", "pk": 74, "fields": {"product": 20, "image": "products/images/gd_01.jpg", "cloudinary_url": "", "description": "", "order": 0}}, {"model": "store.productimage", "pk": 75, "fields": {"product": 20, "image": "products/images/gd_02.jpg", "cloudinary_url": "", "description": "", "order": 0}}, {"model": "store.productimage", "pk": 76, "fields": {"product": 20, "image": "products/images/gd_03.jpg", "cloudinary_url": "", "description": "", "order": 0}}, {"model": "store.productimage", "pk": 77, "fields": {"product": 20, "image": "products/images/gd_04.jpg", "cloudinary_url": "", "description": "", "order": 0}}, {"model": "store.productimage", "pk": 78, "fields": {"product": 20, "image": "products/images/gd_05.jpg", "cloudinary_url": "", "description": "", "order": 0}}, {"model": "store.productimage", "pk": 79, "fields": {"product": 21, "image": "products/images/eg_01.jpg", "cloudinary_url": "", "description": "", "order": 0}}, {"model": "store.productimage", "pk": 80, "fields": {"product": 21, "image": "products/images/eg_02.jpg", "cloudinary_url": "", "description": "", "order": 0}}, {"model": "store.productimage", "pk": 81, "fields": {"product": 21, "image": "products/images/eg_03.jpg", "cloudinary_url": "", "description": "", "order": 0}}, {"model": "store.productimage", "pk": 82, "fields": {"product": 21, "image": "products/images/eg_04.jpg", "cloudinary_url": "", "description": "", "order": 0}}, {"model": "store.productimage", "pk": 83, "fields": {"product": 21, "image": "products/images/eg_05.jpg", "cloudinary_url": "", "description": "", "order": 0}}, {"model": "store.productimage", "pk": 84, "fields": {"product": 22, "image": "products/images/gal_01.jpg", "cloudinary_url": "", "description": "", "order": 0}}, {"model": "store.productimage", "pk": 85, "fields": {"product": 22, "image": "products/images/gal_02.jpg", "cloudinary_url": "", "description": "", "order": 0}}, {"model": "store.productimage", "pk": 86, "fields": {"product": 22, "image": "products/images/gal_03.jpg", "cloudinary_url": "", "description": "", "order": 0}}, {"model": "store.productimage", "pk": 87, "fields": {"product": 22, "image": "products/images/gal_04.jpg", "cloudinary_url": "", "description": "", "order": 0}}, {"model": "store.productimage", "pk": 88, "fields": {"product": 23, "image": "products/images/spgm_01.jpg", "cloudinary_url": "", "description": "", "order": 0}}, {"model": "store.productimage", "pk": 89, "fields": {"product": 23, "image": "products/images/spgm_02.jpg", "cloudinary_url": "", "description": "", "order": 0}}, {"model": "store.productimage", "pk": 90, "fields": {"product": 23, "image": "products/images/spgm_03.jpg", "cloudinary_url": "", "description": "", "order": 0}}, {"model": "store.productimage", "pk": 91, "fields": {"product": 23, "image": "products/images/spgm_04.jpg", "cloudinary_url": "", "description": "", "order": 0}}, {"model": "store.productimage", "pk": 92, "fields": {"product": 24, "image": "products/images/gf_01.jpg", "cloudinary_url": "", "description": "", "order": 0}}, {"model": "store.productimage", "pk": 93, "fields": {"product": 24, "image": "products/images/gf_02.jpg", "cloudinary_url": "", "description": "", "order": 0}}, {"model": "store.productimage", "pk": 94, "fields": {"product": 24, "image": "products/images/gf_03.jpg", "cloudinary_url": "", "description": "", "order": 0}}, {"model": "store.productimage", "pk": 95, "fields": {"product": 25, "image": "products/images/gft_01.jpg", "cloudinary_url": "", "description": "", "order": 0}}, {"model": "store.productimage", "pk": 96, "fields": {"product": 25, "image": "products/images/gft_02.jpg", "cloudinary_url": "", "description": "", "order": 0}}, {"model": "store.productimage", "pk": 97, "fields": {"product": 25, "image": "products/images/gft_03.jpg", "cloudinary_url": "", "description": "", "order": 0}}, {"model": "store.productimage", "pk": 98, "fields": {"product": 25, "image": "products/images/gft_04.jpg", "cloudinary_url": "", "description": "", "order": 0}}, {"model": "store.productimage", "pk": 99, "fields": {"product": 25, "image": "products/images/gft_05.jpg", "cloudinary_url": "", "description": "", "order": 0}}, {"model": "store.productimage", "pk": 100, "fields": {"product": 26, "image": "products/images/hk_01.jpg", "cloudinary_url": "", "description": "", "order": 0}}, {"model": "store.productimage", "pk": 101, "fields": {"product": 26, "image": "products/images/hk_02.jpg", "cloudinary_url": "", "description": "", "order": 0}}, {"model": "store.productimage", "pk": 102, "fields": {"product": 26, "image": "products/images/hk_03.jpg", "cloudinary_url": "", "description": "", "order": 0}}, {"model": "store.productimage", "pk": 103, "fields": {"product": 26, "image": "products/images/hk_04.jpg", "cloudinary_url": "", "description": "", "order": 0}}, {"model": "store.productimage", "pk": 104, "fields": {"product": 26, "image": "", "cloudinary_url": "", "description": "", "order": 0}}, {"model": "store.productimage", "pk": 105, "fields": {"product": 27, "image": "products/images/gp01fb_01_rGAV69X.jpg", "cloudinary_url": "", "description": "", "order": 0}}, {"model": "store.productimage", "pk": 106, "fields": {"product": 27, "image": "products/images/gp01fb_02_rKNuRjM.jpg", "cloudinary_url": "", "description": "", "order": 0}}, {"model": "store.productimage", "pk": 107, "fields": {"product": 27, "image": "products/images/gp01fb_03_6MCx0Z4.jpg", "cloudinary_url": "", "description": "", "order": 0}}, {"model": "store.productimage", "pk": 108, "fields": {"product": 27, "image": "products/images/gp01fb_04_CfmgUN9.jpg", "cloudinary_url": "", "description": "", "order": 0}}, {"model": "store.productimage", "pk": 109, "fields": {"product": 27, "image": "products/images/gp01fb_05_C7eRKBV.jpg", "cloudinary_url": "", "description": "", "order": 0}}, {"model": "store.productimage", "pk": 110, "fields": {"product": 28, "image": "products/images/gp2_01.jpg", "cloudinary_url": "", "description": "", "order": 0}}, {"model": "store.productimage", "pk": 111, "fields": {"product": 28, "image": "products/images/gp2_02.jpg", "cloudinary_url": "", "description": "", "order": 0}}, {"model": "store.productimage", "pk": 112, "fields": {"product": 28, "image": "products/images/gp2_03.jpg", "cloudinary_url": "", "description": "", "order": 0}}, {"model": "store.productimage", "pk": 113, "fields": {"product": 29, "image": "products/images/og_01.jpg", "cloudinary_url": "", "description": "", "order": 0}}, {"model": "store.productimage", "pk": 114, "fields": {"product": 29, "image": "products/images/og_02.jpg", "cloudinary_url": "", "description": "", "order": 0}}, {"model": "store.productimage", "pk": 115, "fields": {"product": 29, "image": "products/images/og_03.jpg", "cloudinary_url": "", "description": "", "order": 0}}, {"model": "store.productimage", "pk": 116, "fields": {"product": 29, "image": "products/images/og_04.jpg", "cloudinary_url": "", "description": "", "order": 0}}, {"model": "store.productimage", "pk": 117, "fields": {"product": 29, "image": "products/images/og_05.jpg", "cloudinary_url": "", "description": "", "order": 0}}, {"model": "store.productimage", "pk": 118, "fields": {"product": 30, "image": "products/images/hz_01.jpg", "cloudinary_url": "", "description": "", "order": 0}}, {"model": "store.productimage", "pk": 119, "fields": {"product": 30, "image": "products/images/hz_02.jpg", "cloudinary_url": "", "description": "", "order": 0}}, {"model": "store.productimage", "pk": 120, "fields": {"product": 30, "image": "products/images/hz_03.jpg", "cloudinary_url": "", "description": "", "order": 0}}, {"model": "store.productimage", "pk": 121, "fields": {"product": 30, "image": "products/images/hz_04.jpg", "cloudinary_url": "", "description": "", "order": 0}}, {"model": "store.productimage", "pk": 122, "fields": {"product": 30, "image": "products/images/hz_05.jpg", "cloudinary_url": "", "description": "", "order": 0}}, {"model": "store.productimage", "pk": 123, "fields": {"product": 31, "image": "products/images/hng_01.jpg", "cloudinary_url": "", "description": "", "order": 0}}, {"model": "store.productimage", "pk": 124, "fields": {"product": 31, "image": "products/images/hng_02.jpg", "cloudinary_url": "", "description": "", "order": 0}}, {"model": "store.productimage", "pk": 125, "fields": {"product": 31, "image": "products/images/hng_03.jpg", "cloudinary_url": "", "description": "", "order": 0}}, {"model": "store.productimage", "pk": 126, "fields": {"product": 31, "image": "products/images/hng_04.jpg", "cloudinary_url": "", "description": "", "order": 0}}, {"model": "store.productimage", "pk": 127, "fields": {"product": 32, "image": "products/images/hkfa_01.jpg", "cloudinary_url": "", "description": "", "order": 0}}, {"model": "store.productimage", "pk": 128, "fields": {"product": 32, "image": "products/images/hkfa_02.jpg", "cloudinary_url": "", "description": "", "order": 0}}, {"model": "store.productimage", "pk": 129, "fields": {"product": 32, "image": "products/images/hkfa_03.jpg", "cloudinary_url": "", "description": "", "order": 0}}, {"model": "store.productimage", "pk": 130, "fields": {"product": 32, "image": "products/images/hkfa_04.jpg", "cloudinary_url": "", "description": "", "order": 0}}, {"model": "store.productimage", "pk": 131, "fields": {"product": 33, "image": "products/images/gj_01.jpg", "cloudinary_url": "", "description": "", "order": 0}}, {"model": "store.productimage", "pk": 132, "fields": {"product": 33, "image": "products/images/gj_02.jpg", "cloudinary_url": "", "description": "", "order": 0}}, {"model": "store.productimage", "pk": 133, "fields": {"product": 33, "image": "products/images/gj_03.jpg", "cloudinary_url": "", "description": "", "order": 0}}, {"model": "store.productimage", "pk": 134, "fields": {"product": 34, "image": "products/images/leo_01.jpg", "cloudinary_url": "", "description": "", "order": 0}}, {"model": "store.productimage", "pk": 135, "fields": {"product": 34, "image": "products/images/leo_02.jpg", "cloudinary_url": "", "description": "", "order": 0}}, {"model": "store.productimage", "pk": 136, "fields": {"product": 34, "image": "products/images/leo_03.jpg", "cloudinary_url": "", "description": "", "order": 0}}, {"model": "store.productimage", "pk": 137, "fields": {"product": 35, "image": "products/images/mg_01.jpg", "cloudinary_url": "", "description": "", "order": 0}}, {"model": "store.productimage", "pk": 138, "fields": {"product": 35, "image": "products/images/mg_02.jpg", "cloudinary_url": "", "description": "", "order": 0}}, {"model": "store.productimage", "pk": 139, "fields": {"product": 35, "image": "products/images/mg_03.jpg", "cloudinary_url": "", "description": "", "order": 0}}, {"model": "store.productimage", "pk": 140, "fields": {"product": 35, "image": "products/images/mg_04.jpg", "cloudinary_url": "", "description": "", "order": 0}}, {"model": "store.productimage", "pk": 141, "fields": {"product": 36, "image": "products/images/gmk2_01.jpg", "cloudinary_url": "", "description": "", "order": 0}}, {"model": "store.productimage", "pk": 142, "fields": {"product": 36, "image": "products/images/gmk2_02.jpg", "cloudinary_url": "", "description": "", "order": 0}}, {"model": "store.productimage", "pk": 143, "fields": {"product": 36, "image": "products/images/gmk2_03.jpg", "cloudinary_url": "", "description": "", "order": 0}}, {"model": "store.productimage", "pk": 144, "fields": {"product": 36, "image": "products/images/gmk2_04.jpg", "cloudinary_url": "", "description": "", "order": 0}}, {"model": "store.productimage", "pk": 145, "fields": {"product": 36, "image": "products/images/gmk2_05.jpg", "cloudinary_url": "", "description": "", "order": 0}}, {"model": "store.productimage", "pk": 146, "fields": {"product": 37, "image": "products/images/mk2t_01.jpg", "cloudinary_url": "", "description": "", "order": 0}}, {"model": "store.productimage", "pk": 147, "fields": {"product": 37, "image": "products/images/mk2t_02.jpg", "cloudinary_url": "", "description": "", "order": 0}}, {"model": "store.productimage", "pk": 148, "fields": {"product": 37, "image": "products/images/mk2t_03.jpg", "cloudinary_url": "", "description": "", "order": 0}}, {"model": "store.productimage", "pk": 149, "fields": {"product": 37, "image": "products/images/mk2t_04.jpg", "cloudinary_url": "", "description": "", "order": 0}}, {"model": "store.productimage", "pk": 150, "fields": {"product": 37, "image": "products/images/mk2t_05.jpg", "cloudinary_url": "", "description": "", "order": 0}}, {"model": "store.productimage", "pk": 151, "fields": {"product": 38, "image": "products/images/zz_01.jpg", "cloudinary_url": "", "description": "", "order": 0}}, {"model": "store.productimage", "pk": 152, "fields": {"product": 38, "image": "products/images/zz_02.jpg", "cloudinary_url": "", "description": "", "order": 0}}, {"model": "store.productimage", "pk": 153, "fields": {"product": 38, "image": "products/images/zz_03.jpg", "cloudinary_url": "", "description": "", "order": 0}}, {"model": "store.productimage", "pk": 154, "fields": {"product": 38, "image": "products/images/zz_04.jpg", "cloudinary_url": "", "description": "", "order": 0}}, {"model": "store.productimage", "pk": 155, "fields": {"product": 38, "image": "products/images/zz_05.jpg", "cloudinary_url": "", "description": "", "order": 0}}, {"model": "store.productimage", "pk": 156, "fields": {"product": 39, "image": "products/images/rds_01.jpg", "cloudinary_url": "", "description": "", "order": 0}}, {"model": "store.productimage", "pk": 157, "fields": {"product": 39, "image": "products/images/rds_02.jpg", "cloudinary_url": "", "description": "", "order": 0}}, {"model": "store.productimage", "pk": 158, "fields": {"product": 39, "image": "products/images/rds_03.jpg", "cloudinary_url": "", "description": "", "order": 0}}, {"model": "store.productimage", "pk": 159, "fields": {"product": 39, "image": "products/images/rds_04.jpg", "cloudinary_url": "", "description": "", "order": 0}}, {"model": "store.productimage", "pk": 160, "fields": {"product": 40, "image": "products/images/szb_01.jpg", "cloudinary_url": "", "description": "", "order": 0}}, {"model": "store.productimage", "pk": 161, "fields": {"product": 40, "image": "products/images/szb_02.jpg", "cloudinary_url": "", "description": "", "order": 0}}, {"model": "store.productimage", "pk": 162, "fields": {"product": 40, "image": "products/images/szb_03.jpg", "cloudinary_url": "", "description": "", "order": 0}}, {"model": "store.productimage", "pk": 163, "fields": {"product": 41, "image": "products/images/sl_01.jpg", "cloudinary_url": "", "description": "", "order": 0}}, {"model": "store.productimage", "pk": 164, "fields": {"product": 41, "image": "products/images/sl_02.jpg", "cloudinary_url": "", "description": "", "order": 0}}, {"model": "store.productimage", "pk": 165, "fields": {"product": 41, "image": "products/images/sl_03.jpg", "cloudinary_url": "", "description": "", "order": 0}}, {"model": "store.productimage", "pk": 166, "fields": {"product": 41, "image": "products/images/sl_04.jpg", "cloudinary_url": "", "description": "", "order": 0}}, {"model": "store.productimage", "pk": 167, "fields": {"product": 42, "image": "products/images/shin_01.jpg", "cloudinary_url": "", "description": "", "order": 0}}, {"model": "store.productimage", "pk": 168, "fields": {"product": 42, "image": "products/images/shin_02.jpg", "cloudinary_url": "", "description": "", "order": 0}}, {"model": "store.productimage", "pk": 169, "fields": {"product": 42, "image": "products/images/shin_03.jpg", "cloudinary_url": "", "description": "", "order": 0}}, {"model": "store.productimage", "pk": 170, "fields": {"product": 42, "image": "products/images/shin_04.jpg", "cloudinary_url": "", "description": "", "order": 0}}, {"model": "store.productimage", "pk": 171, "fields": {"product": 43, "image": "products/images/sg_01.jpg", "cloudinary_url": "", "description": "", "order": 0}}, {"model": "store.productimage", "pk": 172, "fields": {"product": 43, "image": "products/images/sg_02.jpg", "cloudinary_url": "", "description": "", "order": 0}}, {"model": "store.productimage", "pk": 173, "fields": {"product": 43, "image": "products/images/sg_03.jpg", "cloudinary_url": "", "description": "", "order": 0}}, {"model": "store.productimage", "pk": 174, "fields": {"product": 43, "image": "products/images/sg_04.jpg", "cloudinary_url": "", "description": "", "order": 0}}, {"model": "store.productimage", "pk": 175, "fields": {"product": 43, "image": "products/images/sg_05.jpg", "cloudinary_url": "", "description": "", "order": 0}}, {"model": "store.productimage", "pk": 176, "fields": {"product": 44, "image": "products/images/gsf-01.jpg", "cloudinary_url": "", "description": "", "order": 0}}, {"model": "store.productimage", "pk": 177, "fields": {"product": 44, "image": "products/images/gsf_02.jpg", "cloudinary_url": "", "description": "", "order": 0}}, {"model": "store.productimage", "pk": 178, "fields": {"product": 44, "image": "products/images/gsf_03.jpg", "cloudinary_url": "", "description": "", "order": 0}}, {"model": "store.productimage", "pk": 179, "fields": {"product": 45, "image": "products/images/sig_01.jpg", "cloudinary_url": "", "description": "", "order": 0}}, {"model": "store.productimage", "pk": 180, "fields": {"product": 45, "image": "products/images/sig_02.jpg", "cloudinary_url": "", "description": "", "order": 0}}, {"model": "store.productimage", "pk": 181, "fields": {"product": 45, "image": "products/images/sig_03.jpg", "cloudinary_url": "", "description": "", "order": 0}}, {"model": "store.productimage", "pk": 182, "fields": {"product": 46, "image": "products/images/tgs2_01.jpg", "cloudinary_url": "", "description": "", "order": 0}}, {"model": "store.productimage", "pk": 183, "fields": {"product": 46, "image": "products/images/tgs2_02.jpg", "cloudinary_url": "", "description": "", "order": 0}}, {"model": "store.productimage", "pk": 184, "fields": {"product": 46, "image": "products/images/tgs2_03.jpg", "cloudinary_url": "", "description": "", "order": 0}}, {"model": "store.productimage", "pk": 185, "fields": {"product": 46, "image": "products/images/tgs2_04.jpg", "cloudinary_url": "", "description": "", "order": 0}}, {"model": "store.productimage", "pk": 186, "fields": {"product": 46, "image": "products/images/tgs2_05.jpg", "cloudinary_url": "", "description": "", "order": 0}}, {"model": "store.productimage", "pk": 187, "fields": {"product": 47, "image": "products/images/ug_01.jpg", "cloudinary_url": "", "description": "", "order": 0}}, {"model": "store.productimage", "pk": 188, "fields": {"product": 47, "image": "products/images/ug_02.jpg", "cloudinary_url": "", "description": "", "order": 0}}, {"model": "store.productimage", "pk": 189, "fields": {"product": 47, "image": "products/images/ug_03.jpg", "cloudinary_url": "", "description": "", "order": 0}}, {"model": "store.productimage", "pk": 190, "fields": {"product": 47, "image": "products/images/ug_04.jpg", "cloudinary_url": "", "description": "", "order": 0}}, {"model": "store.productimage", "pk": 191, "fields": {"product": 47, "image": "products/images/ug_05.jpg", "cloudinary_url": "", "description": "", "order": 0}}, {"model": "store.productimage", "pk": 192, "fields": {"product": 48, "image": "products/images/v_01.jpg", "cloudinary_url": "", "description": "", "order": 0}}, {"model": "store.productimage", "pk": 193, "fields": {"product": 48, "image": "products/images/v_02.jpg", "cloudinary_url": "", "description": "", "order": 0}}, {"model": "store.productimage", "pk": 194, "fields": {"product": 48, "image": "products/images/v_03.jpg", "cloudinary_url": "", "description": "", "order": 0}}, {"model": "store.productimage", "pk": 195, "fields": {"product": 48, "image": "products/images/v_04.jpg", "cloudinary_url": "", "description": "", "order": 0}}, {"model": "store.productimage", "pk": 196, "fields": {"product": 49, "image": "products/images/w0_01.jpg", "cloudinary_url": "", "description": "", "order": 0}}, {"model": "store.productimage", "pk": 197, "fields": {"product": 49, "image": "products/images/w0_02.jpg", "cloudinary_url": "", "description": "", "order": 0}}, {"model": "store.productimage", "pk": 198, "fields": {"product": 49, "image": "products/images/w0_03.jpg", "cloudinary_url": "", "description": "", "order": 0}}, {"model": "store.productimage", "pk": 199, "fields": {"product": 49, "image": "products/images/w0_04.jpg", "cloudinary_url": "", "description": "", "order": 0}}, {"model": "store.productimage", "pk": 200, "fields": {"product": 49, "image": "products/images/w0_05.jpg", "cloudinary_url": "", "description": "", "order": 0}}, {"model": "store.productimage", "pk": 201, "fields": {"product": 50, "image": "products/images/cb_01.jpg", "cloudinary_url": "", "description": "", "order": 0}}, {"model": "store.productimage", "pk": 202, "fields": {"product": 50, "image": "products/images/cb_02.jpg", "cloudinary_url": "", "description": "", "order": 0}}, {"model": "store.productimage", "pk": 203, "fields": {"product": 50, "image": "products/images/CB_03.jpg", "cloudinary_url": "", "description": "", "order": 0}}, {"model": "store.productimage", "pk": 204, "fields": {"product": 51, "image": "products/images/zg_01.jpg", "cloudinary_url": "", "description": "", "order": 0}}, {"model": "store.productimage", "pk": 205, "fields": {"product": 51, "image": "products/images/zg_02.jpg", "cloudinary_url": "", "description": "", "order": 0}}, {"model": "store.productimage", "pk": 206, "fields": {"product": 51, "image": "products/images/zg_03.jpg", "cloudinary_url": "", "description": "", "order": 0}}, {"model": "store.productimage", "pk": 207, "fields": {"product": 51, "image": "products/images/zg_04.jpg", "cloudinary_url": "", "description": "", "order": 0}}, {"model": "store.productimage", "pk": 208, "fields": {"product": 51, "image": "products/images/zg_05.jpg", "cloudinary_url": "", "description": "", "order": 0}}]