[
{
  "model": "admin.logentry",
  "pk": 1,
  "fields": {
    "action_time": "2025-06-22T03:02:41.311Z",
    "user": 1,
    "content_type": 4,
    "object_id": "2",
    "object_repr": "amuro",
    "action_flag": 2,
    "change_message": "[{\"changed\": {\"fields\": [\"Email address\"]}}]"
  }
},
{
  "model": "admin.logentry",
  "pk": 2,
  "fields": {
    "action_time": "2025-06-22T03:30:11.884Z",
    "user": 1,
    "content_type": 4,
    "object_id": "4",
    "object_repr": "ryoma",
    "action_flag": 2,
    "change_message": "[{\"changed\": {\"fields\": [\"Email address\"]}}]"
  }
},
{
  "model": "admin.logentry",
  "pk": 3,
  "fields": {
    "action_time": "2025-06-22T08:07:48.265Z",
    "user": 1,
    "content_type": 7,
    "object_id": "14",
    "object_repr": "GQuuuuuuX",
    "action_flag": 1,
    "change_message": "[{\"added\": {}}]"
  }
},
{
  "model": "admin.logentry",
  "pk": 4,
  "fields": {
    "action_time": "2025-06-22T08:16:29.872Z",
    "user": 1,
    "content_type": 8,
    "object_id": "52",
    "object_repr": "GQuuuuuuX",
    "action_flag": 1,
    "change_message": "[{\"added\": {}}, {\"added\": {\"name\": \"product image\", \"object\": \"Image for GQuuuuuuX\"}}, {\"added\": {\"name\": \"product image\", \"object\": \"Image for GQuuuuuuX\"}}, {\"added\": {\"name\": \"product image\", \"object\": \"Image for GQuuuuuuX\"}}, {\"added\": {\"name\": \"product image\", \"object\": \"Image for GQuuuuuuX\"}}, {\"added\": {\"name\": \"product image\", \"object\": \"Image for GQuuuuuuX\"}}, {\"added\": {\"name\": \"product image\", \"object\": \"Image for GQuuuuuuX\"}}, {\"added\": {\"name\": \"product image\", \"object\": \"Image for GQuuuuuuX\"}}, {\"added\": {\"name\": \"product image\", \"object\": \"Image for GQuuuuuuX\"}}, {\"added\": {\"name\": \"product image\", \"object\": \"Image for GQuuuuuuX\"}}]"
  }
},
{
  "model": "admin.logentry",
  "pk": 5,
  "fields": {
    "action_time": "2025-06-22T08:20:34.332Z",
    "user": 1,
    "content_type": 8,
    "object_id": "53",
    "object_repr": "RED GUNDAM",
    "action_flag": 1,
    "change_message": "[{\"added\": {}}, {\"added\": {\"name\": \"product image\", \"object\": \"Image for RED GUNDAM\"}}, {\"added\": {\"name\": \"product image\", \"object\": \"Image for RED GUNDAM\"}}, {\"added\": {\"name\": \"product image\", \"object\": \"Image for RED GUNDAM\"}}, {\"added\": {\"name\": \"product image\", \"object\": \"Image for RED GUNDAM\"}}, {\"added\": {\"name\": \"product image\", \"object\": \"Image for RED GUNDAM\"}}, {\"added\": {\"name\": \"product image\", \"object\": \"Image for RED GUNDAM\"}}, {\"added\": {\"name\": \"product image\", \"object\": \"Image for RED GUNDAM\"}}, {\"added\": {\"name\": \"product image\", \"object\": \"Image for RED GUNDAM\"}}, {\"added\": {\"name\": \"product image\", \"object\": \"Image for RED GUNDAM\"}}, {\"added\": {\"name\": \"product image\", \"object\": \"Image for RED GUNDAM\"}}, {\"added\": {\"name\": \"product image\", \"object\": \"Image for RED GUNDAM\"}}, {\"added\": {\"name\": \"product image\", \"object\": \"Image for RED GUNDAM\"}}]"
  }
},
{
  "model": "admin.logentry",
  "pk": 6,
  "fields": {
    "action_time": "2025-06-22T08:24:59.279Z",
    "user": 1,
    "content_type": 7,
    "object_id": "15",
    "object_repr": "SEED DESTINY",
    "action_flag": 1,
    "change_message": "[{\"added\": {}}]"
  }
},
{
  "model": "admin.logentry",
  "pk": 7,
  "fields": {
    "action_time": "2025-06-22T08:26:56.094Z",
    "user": 1,
    "content_type": 7,
    "object_id": "14",
    "object_repr": "GQuuuuuuX",
    "action_flag": 2,
    "change_message": "[{\"changed\": {\"fields\": [\"Banner path\"]}}]"
  }
},
{
  "model": "admin.logentry",
  "pk": 8,
  "fields": {
    "action_time": "2025-06-22T08:33:01.481Z",
    "user": 1,
    "content_type": 8,
    "object_id": "54",
    "object_repr": "Assault Free Gundam Full Firepower Mode",
    "action_flag": 1,
    "change_message": "[{\"added\": {}}, {\"added\": {\"name\": \"product image\", \"object\": \"Image for Assault Free Gundam Full Firepower Mode\"}}, {\"added\": {\"name\": \"product image\", \"object\": \"Image for Assault Free Gundam Full Firepower Mode\"}}, {\"added\": {\"name\": \"product image\", \"object\": \"Image for Assault Free Gundam Full Firepower Mode\"}}, {\"added\": {\"name\": \"product image\", \"object\": \"Image for Assault Free Gundam Full Firepower Mode\"}}, {\"added\": {\"name\": \"product image\", \"object\": \"Image for Assault Free Gundam Full Firepower Mode\"}}]"
  }
},
{
  "model": "admin.logentry",
  "pk": 9,
  "fields": {
    "action_time": "2025-06-22T08:39:53.793Z",
    "user": 1,
    "content_type": 8,
    "object_id": "55",
    "object_repr": "真武者頑駄無 戰國之陣",
    "action_flag": 1,
    "change_message": "[{\"added\": {}}, {\"added\": {\"name\": \"product image\", \"object\": \"Image for \\u771f\\u6b66\\u8005\\u9811\\u99c4\\u7121 \\u6230\\u570b\\u4e4b\\u9663\"}}, {\"added\": {\"name\": \"product image\", \"object\": \"Image for \\u771f\\u6b66\\u8005\\u9811\\u99c4\\u7121 \\u6230\\u570b\\u4e4b\\u9663\"}}]"
  }
},
{
  "model": "auth.permission",
  "pk": 1,
  "fields": {
    "name": "Can add log entry",
    "content_type": 1,
    "codename": "add_logentry"
  }
},
{
  "model": "auth.permission",
  "pk": 2,
  "fields": {
    "name": "Can change log entry",
    "content_type": 1,
    "codename": "change_logentry"
  }
},
{
  "model": "auth.permission",
  "pk": 3,
  "fields": {
    "name": "Can delete log entry",
    "content_type": 1,
    "codename": "delete_logentry"
  }
},
{
  "model": "auth.permission",
  "pk": 4,
  "fields": {
    "name": "Can view log entry",
    "content_type": 1,
    "codename": "view_logentry"
  }
},
{
  "model": "auth.permission",
  "pk": 5,
  "fields": {
    "name": "Can add permission",
    "content_type": 2,
    "codename": "add_permission"
  }
},
{
  "model": "auth.permission",
  "pk": 6,
  "fields": {
    "name": "Can change permission",
    "content_type": 2,
    "codename": "change_permission"
  }
},
{
  "model": "auth.permission",
  "pk": 7,
  "fields": {
    "name": "Can delete permission",
    "content_type": 2,
    "codename": "delete_permission"
  }
},
{
  "model": "auth.permission",
  "pk": 8,
  "fields": {
    "name": "Can view permission",
    "content_type": 2,
    "codename": "view_permission"
  }
},
{
  "model": "auth.permission",
  "pk": 9,
  "fields": {
    "name": "Can add group",
    "content_type": 3,
    "codename": "add_group"
  }
},
{
  "model": "auth.permission",
  "pk": 10,
  "fields": {
    "name": "Can change group",
    "content_type": 3,
    "codename": "change_group"
  }
},
{
  "model": "auth.permission",
  "pk": 11,
  "fields": {
    "name": "Can delete group",
    "content_type": 3,
    "codename": "delete_group"
  }
},
{
  "model": "auth.permission",
  "pk": 12,
  "fields": {
    "name": "Can view group",
    "content_type": 3,
    "codename": "view_group"
  }
},
{
  "model": "auth.permission",
  "pk": 13,
  "fields": {
    "name": "Can add user",
    "content_type": 4,
    "codename": "add_user"
  }
},
{
  "model": "auth.permission",
  "pk": 14,
  "fields": {
    "name": "Can change user",
    "content_type": 4,
    "codename": "change_user"
  }
},
{
  "model": "auth.permission",
  "pk": 15,
  "fields": {
    "name": "Can delete user",
    "content_type": 4,
    "codename": "delete_user"
  }
},
{
  "model": "auth.permission",
  "pk": 16,
  "fields": {
    "name": "Can view user",
    "content_type": 4,
    "codename": "view_user"
  }
},
{
  "model": "auth.permission",
  "pk": 17,
  "fields": {
    "name": "Can add content type",
    "content_type": 5,
    "codename": "add_contenttype"
  }
},
{
  "model": "auth.permission",
  "pk": 18,
  "fields": {
    "name": "Can change content type",
    "content_type": 5,
    "codename": "change_contenttype"
  }
},
{
  "model": "auth.permission",
  "pk": 19,
  "fields": {
    "name": "Can delete content type",
    "content_type": 5,
    "codename": "delete_contenttype"
  }
},
{
  "model": "auth.permission",
  "pk": 20,
  "fields": {
    "name": "Can view content type",
    "content_type": 5,
    "codename": "view_contenttype"
  }
},
{
  "model": "auth.permission",
  "pk": 21,
  "fields": {
    "name": "Can add session",
    "content_type": 6,
    "codename": "add_session"
  }
},
{
  "model": "auth.permission",
  "pk": 22,
  "fields": {
    "name": "Can change session",
    "content_type": 6,
    "codename": "change_session"
  }
},
{
  "model": "auth.permission",
  "pk": 23,
  "fields": {
    "name": "Can delete session",
    "content_type": 6,
    "codename": "delete_session"
  }
},
{
  "model": "auth.permission",
  "pk": 24,
  "fields": {
    "name": "Can view session",
    "content_type": 6,
    "codename": "view_session"
  }
},
{
  "model": "auth.permission",
  "pk": 25,
  "fields": {
    "name": "Can add category",
    "content_type": 7,
    "codename": "add_category"
  }
},
{
  "model": "auth.permission",
  "pk": 26,
  "fields": {
    "name": "Can change category",
    "content_type": 7,
    "codename": "change_category"
  }
},
{
  "model": "auth.permission",
  "pk": 27,
  "fields": {
    "name": "Can delete category",
    "content_type": 7,
    "codename": "delete_category"
  }
},
{
  "model": "auth.permission",
  "pk": 28,
  "fields": {
    "name": "Can view category",
    "content_type": 7,
    "codename": "view_category"
  }
},
{
  "model": "auth.permission",
  "pk": 29,
  "fields": {
    "name": "Can add product",
    "content_type": 8,
    "codename": "add_product"
  }
},
{
  "model": "auth.permission",
  "pk": 30,
  "fields": {
    "name": "Can change product",
    "content_type": 8,
    "codename": "change_product"
  }
},
{
  "model": "auth.permission",
  "pk": 31,
  "fields": {
    "name": "Can delete product",
    "content_type": 8,
    "codename": "delete_product"
  }
},
{
  "model": "auth.permission",
  "pk": 32,
  "fields": {
    "name": "Can view product",
    "content_type": 8,
    "codename": "view_product"
  }
},
{
  "model": "auth.permission",
  "pk": 33,
  "fields": {
    "name": "Can add product image",
    "content_type": 9,
    "codename": "add_productimage"
  }
},
{
  "model": "auth.permission",
  "pk": 34,
  "fields": {
    "name": "Can change product image",
    "content_type": 9,
    "codename": "change_productimage"
  }
},
{
  "model": "auth.permission",
  "pk": 35,
  "fields": {
    "name": "Can delete product image",
    "content_type": 9,
    "codename": "delete_productimage"
  }
},
{
  "model": "auth.permission",
  "pk": 36,
  "fields": {
    "name": "Can view product image",
    "content_type": 9,
    "codename": "view_productimage"
  }
},
{
  "model": "auth.permission",
  "pk": 37,
  "fields": {
    "name": "Can add cart",
    "content_type": 10,
    "codename": "add_cart"
  }
},
{
  "model": "auth.permission",
  "pk": 38,
  "fields": {
    "name": "Can change cart",
    "content_type": 10,
    "codename": "change_cart"
  }
},
{
  "model": "auth.permission",
  "pk": 39,
  "fields": {
    "name": "Can delete cart",
    "content_type": 10,
    "codename": "delete_cart"
  }
},
{
  "model": "auth.permission",
  "pk": 40,
  "fields": {
    "name": "Can view cart",
    "content_type": 10,
    "codename": "view_cart"
  }
},
{
  "model": "auth.permission",
  "pk": 41,
  "fields": {
    "name": "Can add cart item",
    "content_type": 11,
    "codename": "add_cartitem"
  }
},
{
  "model": "auth.permission",
  "pk": 42,
  "fields": {
    "name": "Can change cart item",
    "content_type": 11,
    "codename": "change_cartitem"
  }
},
{
  "model": "auth.permission",
  "pk": 43,
  "fields": {
    "name": "Can delete cart item",
    "content_type": 11,
    "codename": "delete_cartitem"
  }
},
{
  "model": "auth.permission",
  "pk": 44,
  "fields": {
    "name": "Can view cart item",
    "content_type": 11,
    "codename": "view_cartitem"
  }
},
{
  "model": "auth.permission",
  "pk": 45,
  "fields": {
    "name": "Can add order",
    "content_type": 12,
    "codename": "add_order"
  }
},
{
  "model": "auth.permission",
  "pk": 46,
  "fields": {
    "name": "Can change order",
    "content_type": 12,
    "codename": "change_order"
  }
},
{
  "model": "auth.permission",
  "pk": 47,
  "fields": {
    "name": "Can delete order",
    "content_type": 12,
    "codename": "delete_order"
  }
},
{
  "model": "auth.permission",
  "pk": 48,
  "fields": {
    "name": "Can view order",
    "content_type": 12,
    "codename": "view_order"
  }
},
{
  "model": "auth.permission",
  "pk": 49,
  "fields": {
    "name": "Can add order item",
    "content_type": 13,
    "codename": "add_orderitem"
  }
},
{
  "model": "auth.permission",
  "pk": 50,
  "fields": {
    "name": "Can change order item",
    "content_type": 13,
    "codename": "change_orderitem"
  }
},
{
  "model": "auth.permission",
  "pk": 51,
  "fields": {
    "name": "Can delete order item",
    "content_type": 13,
    "codename": "delete_orderitem"
  }
},
{
  "model": "auth.permission",
  "pk": 52,
  "fields": {
    "name": "Can view order item",
    "content_type": 13,
    "codename": "view_orderitem"
  }
},
{
  "model": "auth.permission",
  "pk": 53,
  "fields": {
    "name": "Can add user profile",
    "content_type": 14,
    "codename": "add_userprofile"
  }
},
{
  "model": "auth.permission",
  "pk": 54,
  "fields": {
    "name": "Can change user profile",
    "content_type": 14,
    "codename": "change_userprofile"
  }
},
{
  "model": "auth.permission",
  "pk": 55,
  "fields": {
    "name": "Can delete user profile",
    "content_type": 14,
    "codename": "delete_userprofile"
  }
},
{
  "model": "auth.permission",
  "pk": 56,
  "fields": {
    "name": "Can view user profile",
    "content_type": 14,
    "codename": "view_userprofile"
  }
},
{
  "model": "auth.user",
  "pk": 1,
  "fields": {
    "password": "pbkdf2_sha256$1000000$rmoWNxT0LvP9iXqf9Pcv9c$F2fHmpSeuTCSW7X2VPwT4ZG/AaUr1PXi0B0jUamaIFM=",
    "last_login": "2025-06-22T06:08:37.755Z",
    "is_superuser": true,
    "username": "kalpakjian",
    "first_name": "",
    "last_name": "",
    "email": "princekalpakjian@gmail.com",
    "is_staff": true,
    "is_active": true,
    "date_joined": "2025-06-21T15:34:39.004Z",
    "groups": [],
    "user_permissions": []
  }
},
{
  "model": "auth.user",
  "pk": 2,
  "fields": {
    "password": "pbkdf2_sha256$1000000$3H92AbpzTcAGVOxNowwKzA$G5vjlBDi6KaMU2/w2x47GPcA1/drQZw/cn2f8tpsHjg=",
    "last_login": "2025-06-22T05:06:25.087Z",
    "is_superuser": false,
    "username": "amuro",
    "first_name": "",
    "last_name": "",
    "email": "amuro@gmail.com",
    "is_staff": false,
    "is_active": true,
    "date_joined": "2025-06-22T02:19:49Z",
    "groups": [],
    "user_permissions": []
  }
},
{
  "model": "auth.user",
  "pk": 3,
  "fields": {
    "password": "pbkdf2_sha256$1000000$Lnk4EBs0ObCs7I8JRxE9IY$4QXr82kMqpqQd6nTrtJY0pyz3ivapzyjbSaNfYPm8Gs=",
    "last_login": "2025-06-22T06:08:18.559Z",
    "is_superuser": false,
    "username": "charaznable",
    "first_name": "",
    "last_name": "",
    "email": "charaznable@gmail.com",
    "is_staff": false,
    "is_active": true,
    "date_joined": "2025-06-22T02:26:40.492Z",
    "groups": [],
    "user_permissions": []
  }
},
{
  "model": "auth.user",
  "pk": 4,
  "fields": {
    "password": "pbkdf2_sha256$1000000$i7RqM1hR43L0CPGuyEzQB0$FAh8tuzp8mns9I7xEqk4lW7LIFks9BySWuBB+oO5b+4=",
    "last_login": "2025-06-22T05:19:28.719Z",
    "is_superuser": false,
    "username": "ryoma",
    "first_name": "",
    "last_name": "",
    "email": "ryoma@gmail.com",
    "is_staff": false,
    "is_active": true,
    "date_joined": "2025-06-22T03:05:20Z",
    "groups": [],
    "user_permissions": []
  }
},
{
  "model": "auth.user",
  "pk": 5,
  "fields": {
    "password": "pbkdf2_sha256$1000000$NxQh64Z3GTQ00koW3YUQeN$t2LQt7z0NoACSUVRD0pz4JjXptjq5hEyqyHz6S5z9Hg=",
    "last_login": "2025-06-22T05:19:52.903Z",
    "is_superuser": false,
    "username": "kamille",
    "first_name": "",
    "last_name": "",
    "email": "kamillebidan@gmail.com",
    "is_staff": false,
    "is_active": true,
    "date_joined": "2025-06-22T05:02:33.389Z",
    "groups": [],
    "user_permissions": []
  }
},
{
  "model": "auth.user",
  "pk": 6,
  "fields": {
    "password": "pbkdf2_sha256$1000000$aheUjto6F2MekM1up9nb0A$jGeX63YHr2hKy537XC3qct11OCoMdulQ9Lj8t1CdRtU=",
    "last_login": "2025-06-22T05:50:33.711Z",
    "is_superuser": false,
    "username": "machu",
    "first_name": "",
    "last_name": "",
    "email": "machu@gmail.com",
    "is_staff": false,
    "is_active": true,
    "date_joined": "2025-06-22T05:50:03.678Z",
    "groups": [],
    "user_permissions": []
  }
},
{
  "model": "auth.user",
  "pk": 7,
  "fields": {
    "password": "pbkdf2_sha256$1000000$xrYObPcHDnTw3iOseV7Q6j$+bTAiQzFawPNGFdSItjyUzYqdseIwEyKN90tVWyLGoc=",
    "last_login": "2025-06-22T05:55:40.755Z",
    "is_superuser": false,
    "username": "shalia",
    "first_name": "",
    "last_name": "",
    "email": "shaliabloom@gmail.com",
    "is_staff": false,
    "is_active": true,
    "date_joined": "2025-06-22T05:55:17.980Z",
    "groups": [],
    "user_permissions": []
  }
},
{
  "model": "contenttypes.contenttype",
  "pk": 1,
  "fields": {
    "app_label": "admin",
    "model": "logentry"
  }
},
{
  "model": "contenttypes.contenttype",
  "pk": 2,
  "fields": {
    "app_label": "auth",
    "model": "permission"
  }
},
{
  "model": "contenttypes.contenttype",
  "pk": 3,
  "fields": {
    "app_label": "auth",
    "model": "group"
  }
},
{
  "model": "contenttypes.contenttype",
  "pk": 4,
  "fields": {
    "app_label": "auth",
    "model": "user"
  }
},
{
  "model": "contenttypes.contenttype",
  "pk": 5,
  "fields": {
    "app_label": "contenttypes",
    "model": "contenttype"
  }
},
{
  "model": "contenttypes.contenttype",
  "pk": 6,
  "fields": {
    "app_label": "sessions",
    "model": "session"
  }
},
{
  "model": "contenttypes.contenttype",
  "pk": 7,
  "fields": {
    "app_label": "store",
    "model": "category"
  }
},
{
  "model": "contenttypes.contenttype",
  "pk": 8,
  "fields": {
    "app_label": "store",
    "model": "product"
  }
},
{
  "model": "contenttypes.contenttype",
  "pk": 9,
  "fields": {
    "app_label": "store",
    "model": "productimage"
  }
},
{
  "model": "contenttypes.contenttype",
  "pk": 10,
  "fields": {
    "app_label": "store",
    "model": "cart"
  }
},
{
  "model": "contenttypes.contenttype",
  "pk": 11,
  "fields": {
    "app_label": "store",
    "model": "cartitem"
  }
},
{
  "model": "contenttypes.contenttype",
  "pk": 12,
  "fields": {
    "app_label": "store",
    "model": "order"
  }
},
{
  "model": "contenttypes.contenttype",
  "pk": 13,
  "fields": {
    "app_label": "store",
    "model": "orderitem"
  }
},
{
  "model": "contenttypes.contenttype",
  "pk": 14,
  "fields": {
    "app_label": "accounts",
    "model": "userprofile"
  }
},
{
  "model": "sessions.session",
  "pk": "dr7w02l7sino1tb4xqavlez94hvfer8m",
  "fields": {
    "session_data": ".eJxVjDEOgzAMRe-SuYoS7BClY_eeARnbKbQVkQhMqHcvSAzt-t97fzMdrcvQrVXnbhRzNd5cfree-KXTAeRJ06NYLtMyj709FHvSau9F9H073b-Dgeqw1y63jM4lTUqSmQl8EoAWGvVKiSRKIIjsNTjoQ2Ig3IXGIWLG6MznC_quN_A:1uTDsb:6i1JUJpeSsoZ_kDQkU2-Ko3A_rPWJXGyYegqFAhV6uw",
    "expire_date": "2025-07-06T06:08:37.756Z"
  }
},
{
  "model": "store.category",
  "pk": 5,
  "fields": {
    "name": "Seed",
    "description": "",
    "banner_path": "banners/Seedc.jpg"
  }
},
{
  "model": "store.category",
  "pk": 6,
  "fields": {
    "name": "Z",
    "description": "",
    "banner_path": "banners/Zc.jpg"
  }
},
{
  "model": "store.category",
  "pk": 7,
  "fields": {
    "name": "ZZ",
    "description": "",
    "banner_path": "banners/Zzc.jpg"
  }
},
{
  "model": "store.category",
  "pk": 8,
  "fields": {
    "name": "Char",
    "description": "",
    "banner_path": "banners/Charc.jpg"
  }
},
{
  "model": "store.category",
  "pk": 9,
  "fields": {
    "name": "Gundam",
    "description": "",
    "banner_path": "banners/Gundamc.jpg"
  }
},
{
  "model": "store.category",
  "pk": 10,
  "fields": {
    "name": "Wing",
    "description": "",
    "banner_path": "banners/Wingc.jpg"
  }
},
{
  "model": "store.category",
  "pk": 11,
  "fields": {
    "name": "Unicorn",
    "description": "",
    "banner_path": "banners/Unicornc.jpg"
  }
},
{
  "model": "store.category",
  "pk": 12,
  "fields": {
    "name": "G",
    "description": "",
    "banner_path": "banners/Gc.jpg"
  }
},
{
  "model": "store.category",
  "pk": 13,
  "fields": {
    "name": "Blue Denstiny",
    "description": "",
    "banner_path": "banners/BD.png"
  }
},
{
  "model": "store.category",
  "pk": 14,
  "fields": {
    "name": "GQuuuuuuX",
    "description": "",
    "banner_path": "banners/Gquuuuuux_JP_logo.svg.png"
  }
},
{
  "model": "store.category",
  "pk": 15,
  "fields": {
    "name": "SEED DESTINY",
    "description": "",
    "banner_path": "banners/SEED_D_logo.jpg"
  }
},
{
  "model": "store.product",
  "pk": 12,
  "fields": {
    "name": "Aegis",
    "description": "",
    "price": "550.00",
    "discount_price": "495.00",
    "stock": 60,
    "category": 5,
    "scale": "MG",
    "created_at": "2025-06-12T03:07:40.385Z",
    "cover_image": "products/covers/gags_c_bqsbRpY.jpg",
    "cloudinary_url": "https://res.cloudinary.com/dlxghvxpf/image/upload/v1749765368/gundam_store/covers/cover_Aegis.jpg"
  }
},
{
  "model": "store.product",
  "pk": 13,
  "fields": {
    "name": "Ball",
    "description": "",
    "price": "350.00",
    "discount_price": null,
    "stock": 79,
    "category": 9,
    "scale": "MG",
    "created_at": "2025-06-12T03:12:16.071Z",
    "cover_image": "products/covers/b_c.jpg",
    "cloudinary_url": "https://res.cloudinary.com/dlxghvxpf/image/upload/v1749765371/gundam_store/covers/cover_Ball.jpg"
  }
},
{
  "model": "store.product",
  "pk": 14,
  "fields": {
    "name": "Banshee",
    "description": "",
    "price": "400.00",
    "discount_price": null,
    "stock": 45,
    "category": 11,
    "scale": "RG",
    "created_at": "2025-06-12T03:16:17.280Z",
    "cover_image": "products/covers/bsg_c.jpg",
    "cloudinary_url": "https://res.cloudinary.com/dlxghvxpf/image/upload/v1749765374/gundam_store/covers/cover_Banshee.jpg"
  }
},
{
  "model": "store.product",
  "pk": 15,
  "fields": {
    "name": "Big Zam",
    "description": "",
    "price": "1000.00",
    "discount_price": "850.00",
    "stock": 86,
    "category": 9,
    "scale": "MG",
    "created_at": "2025-06-12T03:21:59.031Z",
    "cover_image": "products/covers/bz_c.jpg",
    "cloudinary_url": "https://res.cloudinary.com/dlxghvxpf/image/upload/v1749765375/gundam_store/covers/cover_Big%20Zam.jpg"
  }
},
{
  "model": "store.product",
  "pk": 16,
  "fields": {
    "name": "Blue Destiny Unit 3",
    "description": "",
    "price": "500.00",
    "discount_price": null,
    "stock": 55,
    "category": 13,
    "scale": "MG",
    "created_at": "2025-06-12T03:27:59.305Z",
    "cover_image": "products/covers/bdu3_c.jpg",
    "cloudinary_url": "https://res.cloudinary.com/dlxghvxpf/image/upload/v1749765377/gundam_store/covers/cover_Blue%20Destiny%20Unit%203.jpg"
  }
},
{
  "model": "store.product",
  "pk": 17,
  "fields": {
    "name": "Char's Zaku II",
    "description": "",
    "price": "1500.00",
    "discount_price": null,
    "stock": 70,
    "category": 8,
    "scale": "PG",
    "created_at": "2025-06-12T03:32:22.073Z",
    "cover_image": "products/covers/rzaku2_c.jpg",
    "cloudinary_url": "https://res.cloudinary.com/dlxghvxpf/image/upload/v1749765378/gundam_store/covers/cover_Char%27s%20Zaku%20II.jpg"
  }
},
{
  "model": "store.product",
  "pk": 18,
  "fields": {
    "name": "God Gundam",
    "description": "",
    "price": "500.00",
    "discount_price": "450.00",
    "stock": 35,
    "category": 12,
    "scale": "MG",
    "created_at": "2025-06-12T03:37:15.342Z",
    "cover_image": "products/covers/bg_c.jpg",
    "cloudinary_url": "https://res.cloudinary.com/dlxghvxpf/image/upload/v1749765380/gundam_store/covers/cover_God%20Gundam.jpg"
  }
},
{
  "model": "store.product",
  "pk": 19,
  "fields": {
    "name": "Gundam Deathscythe Hell",
    "description": "",
    "price": "200.00",
    "discount_price": null,
    "stock": 95,
    "category": 10,
    "scale": "HG",
    "created_at": "2025-06-12T03:40:34.386Z",
    "cover_image": "products/covers/gdh_c.jpg",
    "cloudinary_url": "https://res.cloudinary.com/dlxghvxpf/image/upload/v1749765381/gundam_store/covers/cover_Gundam%20Deathscythe%20Hell.jpg"
  }
},
{
  "model": "store.product",
  "pk": 20,
  "fields": {
    "name": "Destiny Gundam",
    "description": "",
    "price": "200.00",
    "discount_price": null,
    "stock": 60,
    "category": 5,
    "scale": "HG",
    "created_at": "2025-06-12T03:42:37.884Z",
    "cover_image": "products/covers/gd_c.jpg",
    "cloudinary_url": "https://res.cloudinary.com/dlxghvxpf/image/upload/v1749765384/gundam_store/covers/cover_Destiny%20Gundam.jpg"
  }
},
{
  "model": "store.product",
  "pk": 21,
  "fields": {
    "name": "Epyon Gundam",
    "description": "",
    "price": "400.00",
    "discount_price": "340.00",
    "stock": 50,
    "category": 10,
    "scale": "RG",
    "created_at": "2025-06-12T03:47:13.604Z",
    "cover_image": "products/covers/eg_c.jpg",
    "cloudinary_url": "https://res.cloudinary.com/dlxghvxpf/image/upload/v1749765385/gundam_store/covers/cover_Epyon%20Gundam.jpg"
  }
},
{
  "model": "store.product",
  "pk": 22,
  "fields": {
    "name": "GalBaldy",
    "description": "",
    "price": "450.00",
    "discount_price": null,
    "stock": 74,
    "category": 6,
    "scale": "MG",
    "created_at": "2025-06-12T03:50:53.569Z",
    "cover_image": "products/covers/gal_c.jpg",
    "cloudinary_url": "https://res.cloudinary.com/dlxghvxpf/image/upload/v1749765387/gundam_store/covers/cover_GalBaldy.jpg"
  }
},
{
  "model": "store.product",
  "pk": 23,
  "fields": {
    "name": "GM Sniper II",
    "description": "",
    "price": "550.00",
    "discount_price": null,
    "stock": 40,
    "category": 9,
    "scale": "MG",
    "created_at": "2025-06-12T03:57:58.162Z",
    "cover_image": "products/covers/spgm_c.jpg",
    "cloudinary_url": "https://res.cloudinary.com/dlxghvxpf/image/upload/v1749765389/gundam_store/covers/cover_GM%20Sniper%20II.jpg"
  }
},
{
  "model": "store.product",
  "pk": 24,
  "fields": {
    "name": "Gouf",
    "description": "",
    "price": "500.00",
    "discount_price": null,
    "stock": 84,
    "category": 9,
    "scale": "MG",
    "created_at": "2025-06-12T04:00:29.312Z",
    "cover_image": "products/covers/gf_c.jpg",
    "cloudinary_url": "https://res.cloudinary.com/dlxghvxpf/image/upload/v1749765390/gundam_store/covers/cover_Gouf.jpg"
  }
},
{
  "model": "store.product",
  "pk": 25,
  "fields": {
    "name": "Gouf Flight Type",
    "description": "",
    "price": "300.00",
    "discount_price": null,
    "stock": 29,
    "category": 9,
    "scale": "RG",
    "created_at": "2025-06-12T04:04:01.810Z",
    "cover_image": "products/covers/gft_c.jpg",
    "cloudinary_url": "https://res.cloudinary.com/dlxghvxpf/image/upload/v1749765391/gundam_store/covers/cover_Gouf%20Flight%20Type.jpg"
  }
},
{
  "model": "store.product",
  "pk": 26,
  "fields": {
    "name": "Hyaku Shiki",
    "description": "",
    "price": "400.00",
    "discount_price": null,
    "stock": 65,
    "category": 6,
    "scale": "RG",
    "created_at": "2025-06-12T04:10:42.046Z",
    "cover_image": "products/covers/hk_c.jpg",
    "cloudinary_url": "https://res.cloudinary.com/dlxghvxpf/image/upload/v1749765393/gundam_store/covers/cover_Hyaku%20Shiki.jpg"
  }
},
{
  "model": "store.product",
  "pk": 27,
  "fields": {
    "name": "GP01-Fb",
    "description": "",
    "price": "650.00",
    "discount_price": null,
    "stock": 100,
    "category": 9,
    "scale": "MG",
    "created_at": "2025-06-12T04:16:18.972Z",
    "cover_image": "products/covers/gp01fb_c_078nHoh.jpg",
    "cloudinary_url": "https://res.cloudinary.com/dlxghvxpf/image/upload/v1749765394/gundam_store/covers/cover_GP01-Fb.jpg"
  }
},
{
  "model": "store.product",
  "pk": 28,
  "fields": {
    "name": "GP02A",
    "description": "",
    "price": "300.00",
    "discount_price": null,
    "stock": 55,
    "category": 9,
    "scale": "HG",
    "created_at": "2025-06-12T04:17:35.685Z",
    "cover_image": "products/covers/gp2_c.jpg",
    "cloudinary_url": "https://res.cloudinary.com/dlxghvxpf/image/upload/v1749765396/gundam_store/covers/cover_GP02A.jpg"
  }
},
{
  "model": "store.product",
  "pk": 29,
  "fields": {
    "name": "Gundam",
    "description": "",
    "price": "350.00",
    "discount_price": "315.00",
    "stock": 90,
    "category": 9,
    "scale": "RG",
    "created_at": "2025-06-12T04:24:24.808Z",
    "cover_image": "products/covers/og_c.jpg",
    "cloudinary_url": "https://res.cloudinary.com/dlxghvxpf/image/upload/v1749765397/gundam_store/covers/cover_Gundam.jpg"
  }
},
{
  "model": "store.product",
  "pk": 30,
  "fields": {
    "name": "Hi Zaku",
    "description": "",
    "price": "500.00",
    "discount_price": null,
    "stock": 45,
    "category": 9,
    "scale": "MG",
    "created_at": "2025-06-12T04:28:30.687Z",
    "cover_image": "products/covers/hz_c.jpg",
    "cloudinary_url": "https://res.cloudinary.com/dlxghvxpf/image/upload/v1749765398/gundam_store/covers/cover_Hi%20Zaku.jpg"
  }
},
{
  "model": "store.product",
  "pk": 31,
  "fields": {
    "name": "Hi-v",
    "description": "",
    "price": "200.00",
    "discount_price": null,
    "stock": 70,
    "category": 9,
    "scale": "HG",
    "created_at": "2025-06-12T04:31:40.848Z",
    "cover_image": "products/covers/hng_c.jpg",
    "cloudinary_url": "https://res.cloudinary.com/dlxghvxpf/image/upload/v1749765399/gundam_store/covers/cover_Hi-v.jpg"
  }
},
{
  "model": "store.product",
  "pk": 32,
  "fields": {
    "name": "Hyatt Shiki Kai",
    "description": "",
    "price": "400.00",
    "discount_price": null,
    "stock": 35,
    "category": 7,
    "scale": "RG",
    "created_at": "2025-06-12T04:41:43.172Z",
    "cover_image": "products/covers/hkfa_c.png",
    "cloudinary_url": "https://res.cloudinary.com/dlxghvxpf/image/upload/v1749765402/gundam_store/covers/cover_Hyatt%20Shiki%20Kai.png"
  }
},
{
  "model": "store.product",
  "pk": 33,
  "fields": {
    "name": "Justice Gundam",
    "description": "",
    "price": "1800.00",
    "discount_price": null,
    "stock": 80,
    "category": 5,
    "scale": "PG",
    "created_at": "2025-06-12T06:03:48.704Z",
    "cover_image": "products/covers/gj_c.jpg",
    "cloudinary_url": "https://res.cloudinary.com/dlxghvxpf/image/upload/v1749765404/gundam_store/covers/cover_Justice%20Gundam.webp"
  }
},
{
  "model": "store.product",
  "pk": 34,
  "fields": {
    "name": "Leo",
    "description": "",
    "price": "350.00",
    "discount_price": null,
    "stock": 60,
    "category": 10,
    "scale": "MG",
    "created_at": "2025-06-12T06:05:03.441Z",
    "cover_image": "products/covers/leo_c.jpg",
    "cloudinary_url": "https://res.cloudinary.com/dlxghvxpf/image/upload/v1749765405/gundam_store/covers/cover_Leo.png"
  }
},
{
  "model": "store.product",
  "pk": 35,
  "fields": {
    "name": "Master Gundam",
    "description": "",
    "price": "300.00",
    "discount_price": "255.00",
    "stock": 92,
    "category": 12,
    "scale": "HG",
    "created_at": "2025-06-12T06:06:21.195Z",
    "cover_image": "products/covers/mg_c.jpg",
    "cloudinary_url": "https://res.cloudinary.com/dlxghvxpf/image/upload/v1749765410/gundam_store/covers/cover_Master%20Gundam.png"
  }
},
{
  "model": "store.product",
  "pk": 36,
  "fields": {
    "name": "Gundam Mk-II",
    "description": "",
    "price": "1500.00",
    "discount_price": null,
    "stock": 48,
    "category": 8,
    "scale": "PG",
    "created_at": "2025-06-12T06:08:06.740Z",
    "cover_image": "products/covers/gmk2_c.jpg",
    "cloudinary_url": "https://res.cloudinary.com/dlxghvxpf/image/upload/v1749765415/gundam_store/covers/cover_Gundam%20Mk-II.jpg"
  }
},
{
  "model": "store.product",
  "pk": 37,
  "fields": {
    "name": "Gundam Mk-Ii (Titans)",
    "description": "",
    "price": "1500.00",
    "discount_price": null,
    "stock": 65,
    "category": 6,
    "scale": "PG",
    "created_at": "2025-06-12T06:10:01.083Z",
    "cover_image": "products/covers/mk2t_c.jpg",
    "cloudinary_url": "https://res.cloudinary.com/dlxghvxpf/image/upload/v1749765416/gundam_store/covers/cover_Gundam%20Mk-Ii%20%28Titans%29.jpg"
  }
},
{
  "model": "store.product",
  "pk": 38,
  "fields": {
    "name": "Prototype ZZ Gundam",
    "description": "",
    "price": "800.00",
    "discount_price": null,
    "stock": 85,
    "category": 7,
    "scale": "MG",
    "created_at": "2025-06-12T06:12:37.032Z",
    "cover_image": "products/covers/zz_c.jpg",
    "cloudinary_url": "https://res.cloudinary.com/dlxghvxpf/image/upload/v1749765418/gundam_store/covers/cover_Prototype%20ZZ%20Gundam.jpg"
  }
},
{
  "model": "store.product",
  "pk": 39,
  "fields": {
    "name": "Rick Dias",
    "description": "",
    "price": "200.00",
    "discount_price": null,
    "stock": 39,
    "category": 8,
    "scale": "HG",
    "created_at": "2025-06-12T06:27:07.502Z",
    "cover_image": "products/covers/rds_c.jpg",
    "cloudinary_url": "https://res.cloudinary.com/dlxghvxpf/image/upload/v1749765419/gundam_store/covers/cover_Rick%20Dias.jpg"
  }
},
{
  "model": "store.product",
  "pk": 40,
  "fields": {
    "name": "Sazabi",
    "description": "",
    "price": "550.00",
    "discount_price": "495.00",
    "stock": 70,
    "category": 8,
    "scale": "RG",
    "created_at": "2025-06-12T06:28:42.175Z",
    "cover_image": "products/covers/szb_c.jpg",
    "cloudinary_url": "https://res.cloudinary.com/dlxghvxpf/image/upload/v1749765421/gundam_store/covers/cover_Sazabi.jpg"
  }
},
{
  "model": "store.product",
  "pk": 41,
  "fields": {
    "name": "Shenlong Gundam",
    "description": "",
    "price": "350.00",
    "discount_price": null,
    "stock": 30,
    "category": 10,
    "scale": "RG",
    "created_at": "2025-06-12T06:30:55.453Z",
    "cover_image": "products/covers/sl_c.jpg",
    "cloudinary_url": "https://res.cloudinary.com/dlxghvxpf/image/upload/v1749765422/gundam_store/covers/cover_Shenlong%20Gundam.jpg"
  }
},
{
  "model": "store.product",
  "pk": 42,
  "fields": {
    "name": "Shining Gundam",
    "description": "",
    "price": "400.00",
    "discount_price": null,
    "stock": 55,
    "category": 12,
    "scale": "RG",
    "created_at": "2025-06-12T06:37:41.137Z",
    "cover_image": "products/covers/shin_c.jpg",
    "cloudinary_url": "https://res.cloudinary.com/dlxghvxpf/image/upload/v1749765424/gundam_store/covers/cover_Shining%20Gundam.jpg"
  }
},
{
  "model": "store.product",
  "pk": 43,
  "fields": {
    "name": "Strike Gundam",
    "description": "",
    "price": "200.00",
    "discount_price": "170.00",
    "stock": 99,
    "category": 5,
    "scale": "HG",
    "created_at": "2025-06-12T06:42:28.579Z",
    "cover_image": "products/covers/sg_c.jpg",
    "cloudinary_url": "https://res.cloudinary.com/dlxghvxpf/image/upload/v1749765425/gundam_store/covers/cover_Strike%20Gundam.jpg"
  }
},
{
  "model": "store.product",
  "pk": 44,
  "fields": {
    "name": "Strike Freedom Gundam",
    "description": "",
    "price": "200.00",
    "discount_price": null,
    "stock": 45,
    "category": 5,
    "scale": "HG",
    "created_at": "2025-06-12T06:43:56.692Z",
    "cover_image": "products/covers/gsf_c.jpg",
    "cloudinary_url": "https://res.cloudinary.com/dlxghvxpf/image/upload/v1749765427/gundam_store/covers/cover_Strike%20Freedom%20Gundam.jpg"
  }
},
{
  "model": "store.product",
  "pk": 45,
  "fields": {
    "name": "Sword Impulse Gundam",
    "description": "",
    "price": "200.00",
    "discount_price": null,
    "stock": 70,
    "category": 5,
    "scale": "HG",
    "created_at": "2025-06-12T06:45:35.827Z",
    "cover_image": "products/covers/sig_c.jpg",
    "cloudinary_url": "https://res.cloudinary.com/dlxghvxpf/image/upload/v1749765428/gundam_store/covers/cover_Sword%20Impulse%20Gundam.jpg"
  }
},
{
  "model": "store.product",
  "pk": 46,
  "fields": {
    "name": "Tallgeese II",
    "description": "",
    "price": "150.00",
    "discount_price": null,
    "stock": 89,
    "category": 10,
    "scale": "HG",
    "created_at": "2025-06-12T06:48:25.387Z",
    "cover_image": "products/covers/tgs2_c.jpg",
    "cloudinary_url": "https://res.cloudinary.com/dlxghvxpf/image/upload/v1749765430/gundam_store/covers/cover_Tallgeese%20II.jpg"
  }
},
{
  "model": "store.product",
  "pk": 47,
  "fields": {
    "name": "Unicorn Gundam",
    "description": "",
    "price": "2500.00",
    "discount_price": "2250.00",
    "stock": 59,
    "category": 11,
    "scale": "PG",
    "created_at": "2025-06-12T06:50:10.856Z",
    "cover_image": "products/covers/ug_c.jpg",
    "cloudinary_url": "https://res.cloudinary.com/dlxghvxpf/image/upload/v1749765432/gundam_store/covers/cover_Unicorn%20Gundam.jpg"
  }
},
{
  "model": "store.product",
  "pk": 48,
  "fields": {
    "name": "v Gundam",
    "description": "",
    "price": "200.00",
    "discount_price": null,
    "stock": 34,
    "category": 8,
    "scale": "HG",
    "created_at": "2025-06-12T06:52:00.949Z",
    "cover_image": "products/covers/v_c.jpg",
    "cloudinary_url": "https://res.cloudinary.com/dlxghvxpf/image/upload/v1749765433/gundam_store/covers/cover_v%20Gundam.jpg"
  }
},
{
  "model": "store.product",
  "pk": 49,
  "fields": {
    "name": "Wing Zero Gundam",
    "description": "",
    "price": "650.00",
    "discount_price": null,
    "stock": 78,
    "category": 10,
    "scale": "MG",
    "created_at": "2025-06-12T06:57:23.134Z",
    "cover_image": "products/covers/w0_c.jpg",
    "cloudinary_url": "https://res.cloudinary.com/dlxghvxpf/image/upload/v1749765435/gundam_store/covers/cover_Wing%20Zero%20Gundam.jpg"
  }
},
{
  "model": "store.product",
  "pk": 50,
  "fields": {
    "name": "Z'Gok",
    "description": "",
    "price": "500.00",
    "discount_price": "425.00",
    "stock": 91,
    "category": 9,
    "scale": "MG",
    "created_at": "2025-06-12T07:00:56.511Z",
    "cover_image": "products/covers/cb_c.jpg",
    "cloudinary_url": "https://res.cloudinary.com/dlxghvxpf/image/upload/v1749765437/gundam_store/covers/cover_Z%27Gok.jpg"
  }
},
{
  "model": "store.product",
  "pk": 51,
  "fields": {
    "name": "Zeta Gundam",
    "description": "",
    "price": "200.00",
    "discount_price": null,
    "stock": 85,
    "category": 6,
    "scale": "HG",
    "created_at": "2025-06-12T07:05:35.275Z",
    "cover_image": "products/covers/zg_c.jpg",
    "cloudinary_url": "https://res.cloudinary.com/dlxghvxpf/image/upload/v1749765438/gundam_store/covers/cover_Zeta%20Gundam.jpg"
  }
},
{
  "model": "store.product",
  "pk": 52,
  "fields": {
    "name": "GQuuuuuuX",
    "description": "",
    "price": "220.00",
    "discount_price": "190.00",
    "stock": 100,
    "category": 14,
    "scale": "HG",
    "created_at": "2025-06-22T08:16:29.865Z",
    "cover_image": "products/covers/bandai_hg_model_kits_-_1_144_gquuuuuux_250117030530.webp",
    "cloudinary_url": "https://res.cloudinary.com/dlxghvxpf/image/upload/v1750581803/gundam_store/covers/cover_GQuuuuuuX.webp"
  }
},
{
  "model": "store.product",
  "pk": 53,
  "fields": {
    "name": "RED GUNDAM",
    "description": "",
    "price": "300.00",
    "discount_price": null,
    "stock": 100,
    "category": 14,
    "scale": "HG",
    "created_at": "2025-06-22T08:20:34.317Z",
    "cover_image": "products/covers/bandai_hg_model_kits_-_1_144_red_gundam_mobile_suit_gundam_gquuuuuux__2_0K5lP5S.webp",
    "cloudinary_url": "https://res.cloudinary.com/dlxghvxpf/image/upload/v1750581805/gundam_store/covers/cover_RED%20GUNDAM.webp"
  }
},
{
  "model": "store.product",
  "pk": 54,
  "fields": {
    "name": "Assault Free Gundam Full Firepower Mode",
    "description": "",
    "price": "600.00",
    "discount_price": "520.00",
    "stock": 100,
    "category": 15,
    "scale": "MG",
    "created_at": "2025-06-22T08:33:01.473Z",
    "cover_image": "products/covers/c.webp",
    "cloudinary_url": "https://res.cloudinary.com/dlxghvxpf/image/upload/v1750581806/gundam_store/covers/cover_Assault%20Free%20Gundam%20Full%20Firepower%20Mode.webp"
  }
},
{
  "model": "store.product",
  "pk": 55,
  "fields": {
    "name": "真武者頑駄無 戰國之陣",
    "description": "",
    "price": "700.00",
    "discount_price": "570.00",
    "stock": 50,
    "category": 12,
    "scale": "MG",
    "created_at": "2025-06-22T08:39:53.788Z",
    "cover_image": "products/covers/bandai_mg_model_kits_-_1_100_shin_musha_gundam_sengoku_no_jin_241030072640.webp",
    "cloudinary_url": "https://res.cloudinary.com/dlxghvxpf/image/upload/v1750581808/gundam_store/covers/cover_%E7%9C%9F%E6%AD%A6%E8%80%85%E9%A0%91%E9%A7%84%E7%84%A1%20%E6%88%B0%E5%9C%8B%E4%B9%8B%E9%99%A3.webp"
  }
},
{
  "model": "store.productimage",
  "pk": 46,
  "fields": {
    "product": 12,
    "image": "products/images/gags_02_00oweMe.jpg",
    "cloudinary_url": "https://res.cloudinary.com/dlxghvxpf/image/upload/v1749765440/gundam_store/images/image_Aegis_46.jpg",
    "description": "",
    "order": 0
  }
},
{
  "model": "store.productimage",
  "pk": 47,
  "fields": {
    "product": 13,
    "image": "products/images/b_01.jpg",
    "cloudinary_url": "https://res.cloudinary.com/dlxghvxpf/image/upload/v1749765441/gundam_store/images/image_Ball_47.jpg",
    "description": "",
    "order": 0
  }
},
{
  "model": "store.productimage",
  "pk": 48,
  "fields": {
    "product": 13,
    "image": "products/images/b_02.jpg",
    "cloudinary_url": "https://res.cloudinary.com/dlxghvxpf/image/upload/v1749765443/gundam_store/images/image_Ball_48.jpg",
    "description": "",
    "order": 0
  }
},
{
  "model": "store.productimage",
  "pk": 49,
  "fields": {
    "product": 13,
    "image": "products/images/b_03.jpg",
    "cloudinary_url": "https://res.cloudinary.com/dlxghvxpf/image/upload/v1749765445/gundam_store/images/image_Ball_49.jpg",
    "description": "",
    "order": 0
  }
},
{
  "model": "store.productimage",
  "pk": 50,
  "fields": {
    "product": 14,
    "image": "products/images/bsg_01.jpg",
    "cloudinary_url": "https://res.cloudinary.com/dlxghvxpf/image/upload/v1749765446/gundam_store/images/image_Banshee_50.jpg",
    "description": "",
    "order": 0
  }
},
{
  "model": "store.productimage",
  "pk": 51,
  "fields": {
    "product": 14,
    "image": "products/images/bsg_02.jpg",
    "cloudinary_url": "https://res.cloudinary.com/dlxghvxpf/image/upload/v1749765448/gundam_store/images/image_Banshee_51.jpg",
    "description": "",
    "order": 0
  }
},
{
  "model": "store.productimage",
  "pk": 52,
  "fields": {
    "product": 14,
    "image": "products/images/bsg_03.jpg",
    "cloudinary_url": "https://res.cloudinary.com/dlxghvxpf/image/upload/v1749765450/gundam_store/images/image_Banshee_52.jpg",
    "description": "",
    "order": 0
  }
},
{
  "model": "store.productimage",
  "pk": 53,
  "fields": {
    "product": 14,
    "image": "products/images/bsg_04.jpg",
    "cloudinary_url": "https://res.cloudinary.com/dlxghvxpf/image/upload/v1749765453/gundam_store/images/image_Banshee_53.jpg",
    "description": "",
    "order": 0
  }
},
{
  "model": "store.productimage",
  "pk": 54,
  "fields": {
    "product": 15,
    "image": "products/images/bz_0.jpg",
    "cloudinary_url": "https://res.cloudinary.com/dlxghvxpf/image/upload/v1749765454/gundam_store/images/image_Big%20Zam_54.jpg",
    "description": "",
    "order": 0
  }
},
{
  "model": "store.productimage",
  "pk": 55,
  "fields": {
    "product": 15,
    "image": "products/images/bz_02.jpg",
    "cloudinary_url": "https://res.cloudinary.com/dlxghvxpf/image/upload/v1749765457/gundam_store/images/image_Big%20Zam_55.jpg",
    "description": "",
    "order": 0
  }
},
{
  "model": "store.productimage",
  "pk": 56,
  "fields": {
    "product": 15,
    "image": "products/images/bz_03.jpg",
    "cloudinary_url": "https://res.cloudinary.com/dlxghvxpf/image/upload/v1749765459/gundam_store/images/image_Big%20Zam_56.jpg",
    "description": "",
    "order": 0
  }
},
{
  "model": "store.productimage",
  "pk": 57,
  "fields": {
    "product": 15,
    "image": "products/images/bz_04.jpg",
    "cloudinary_url": "https://res.cloudinary.com/dlxghvxpf/image/upload/v1749765460/gundam_store/images/image_Big%20Zam_57.jpg",
    "description": "",
    "order": 0
  }
},
{
  "model": "store.productimage",
  "pk": 58,
  "fields": {
    "product": 16,
    "image": "products/images/bdu3_02.jpg",
    "cloudinary_url": "https://res.cloudinary.com/dlxghvxpf/image/upload/v1749765462/gundam_store/images/image_Blue%20Destiny%20Unit%203_58.jpg",
    "description": "",
    "order": 0
  }
},
{
  "model": "store.productimage",
  "pk": 59,
  "fields": {
    "product": 16,
    "image": "products/images/bdu3_03.jpg",
    "cloudinary_url": "https://res.cloudinary.com/dlxghvxpf/image/upload/v1749765464/gundam_store/images/image_Blue%20Destiny%20Unit%203_59.jpg",
    "description": "",
    "order": 0
  }
},
{
  "model": "store.productimage",
  "pk": 60,
  "fields": {
    "product": 16,
    "image": "products/images/bdu3_04.jpg",
    "cloudinary_url": "https://res.cloudinary.com/dlxghvxpf/image/upload/v1749765465/gundam_store/images/image_Blue%20Destiny%20Unit%203_60.jpg",
    "description": "",
    "order": 0
  }
},
{
  "model": "store.productimage",
  "pk": 61,
  "fields": {
    "product": 16,
    "image": "products/images/bdu3_05.jpg",
    "cloudinary_url": "https://res.cloudinary.com/dlxghvxpf/image/upload/v1749765466/gundam_store/images/image_Blue%20Destiny%20Unit%203_61.jpg",
    "description": "",
    "order": 0
  }
},
{
  "model": "store.productimage",
  "pk": 62,
  "fields": {
    "product": 17,
    "image": "products/images/rzaku2_01.jpg",
    "cloudinary_url": "https://res.cloudinary.com/dlxghvxpf/image/upload/v1749765468/gundam_store/images/image_Char%27s%20Zaku%20II_62.jpg",
    "description": "",
    "order": 0
  }
},
{
  "model": "store.productimage",
  "pk": 63,
  "fields": {
    "product": 17,
    "image": "products/images/rzaku2_02.jpg",
    "cloudinary_url": "https://res.cloudinary.com/dlxghvxpf/image/upload/v1749765469/gundam_store/images/image_Char%27s%20Zaku%20II_63.jpg",
    "description": "",
    "order": 0
  }
},
{
  "model": "store.productimage",
  "pk": 64,
  "fields": {
    "product": 17,
    "image": "products/images/rzaku2_03.jpg",
    "cloudinary_url": "https://res.cloudinary.com/dlxghvxpf/image/upload/v1749765470/gundam_store/images/image_Char%27s%20Zaku%20II_64.jpg",
    "description": "",
    "order": 0
  }
},
{
  "model": "store.productimage",
  "pk": 65,
  "fields": {
    "product": 17,
    "image": "products/images/rzaku2_04.jpg",
    "cloudinary_url": "https://res.cloudinary.com/dlxghvxpf/image/upload/v1749765472/gundam_store/images/image_Char%27s%20Zaku%20II_65.jpg",
    "description": "",
    "order": 0
  }
},
{
  "model": "store.productimage",
  "pk": 66,
  "fields": {
    "product": 17,
    "image": "products/images/rzaku2_05.jpg",
    "cloudinary_url": "https://res.cloudinary.com/dlxghvxpf/image/upload/v1749765473/gundam_store/images/image_Char%27s%20Zaku%20II_66.jpg",
    "description": "",
    "order": 0
  }
},
{
  "model": "store.productimage",
  "pk": 67,
  "fields": {
    "product": 18,
    "image": "products/images/bg_01.jpg",
    "cloudinary_url": "https://res.cloudinary.com/dlxghvxpf/image/upload/v1749765475/gundam_store/images/image_God%20Gundam_67.jpg",
    "description": "",
    "order": 0
  }
},
{
  "model": "store.productimage",
  "pk": 68,
  "fields": {
    "product": 18,
    "image": "products/images/bg_02.jpg",
    "cloudinary_url": "https://res.cloudinary.com/dlxghvxpf/image/upload/v1749765476/gundam_store/images/image_God%20Gundam_68.jpg",
    "description": "",
    "order": 0
  }
},
{
  "model": "store.productimage",
  "pk": 69,
  "fields": {
    "product": 18,
    "image": "products/images/bg_03.jpg",
    "cloudinary_url": "https://res.cloudinary.com/dlxghvxpf/image/upload/v1749765478/gundam_store/images/image_God%20Gundam_69.jpg",
    "description": "",
    "order": 0
  }
},
{
  "model": "store.productimage",
  "pk": 70,
  "fields": {
    "product": 18,
    "image": "products/images/bg_04.jpg",
    "cloudinary_url": "https://res.cloudinary.com/dlxghvxpf/image/upload/v1749765479/gundam_store/images/image_God%20Gundam_70.jpg",
    "description": "",
    "order": 0
  }
},
{
  "model": "store.productimage",
  "pk": 71,
  "fields": {
    "product": 19,
    "image": "products/images/gdh_01.jpg",
    "cloudinary_url": "https://res.cloudinary.com/dlxghvxpf/image/upload/v1749765481/gundam_store/images/image_Gundam%20Deathscythe%20Hell_71.jpg",
    "description": "",
    "order": 0
  }
},
{
  "model": "store.productimage",
  "pk": 72,
  "fields": {
    "product": 19,
    "image": "products/images/gdh_02.jpg",
    "cloudinary_url": "https://res.cloudinary.com/dlxghvxpf/image/upload/v1749765482/gundam_store/images/image_Gundam%20Deathscythe%20Hell_72.jpg",
    "description": "",
    "order": 0
  }
},
{
  "model": "store.productimage",
  "pk": 73,
  "fields": {
    "product": 19,
    "image": "products/images/gdh_03.jpg",
    "cloudinary_url": "https://res.cloudinary.com/dlxghvxpf/image/upload/v1749765484/gundam_store/images/image_Gundam%20Deathscythe%20Hell_73.jpg",
    "description": "",
    "order": 0
  }
},
{
  "model": "store.productimage",
  "pk": 74,
  "fields": {
    "product": 20,
    "image": "products/images/gd_01.jpg",
    "cloudinary_url": "https://res.cloudinary.com/dlxghvxpf/image/upload/v1749765485/gundam_store/images/image_Destiny%20Gundam_74.jpg",
    "description": "",
    "order": 0
  }
},
{
  "model": "store.productimage",
  "pk": 75,
  "fields": {
    "product": 20,
    "image": "products/images/gd_02.jpg",
    "cloudinary_url": "https://res.cloudinary.com/dlxghvxpf/image/upload/v1749765487/gundam_store/images/image_Destiny%20Gundam_75.jpg",
    "description": "",
    "order": 0
  }
},
{
  "model": "store.productimage",
  "pk": 76,
  "fields": {
    "product": 20,
    "image": "products/images/gd_03.jpg",
    "cloudinary_url": "https://res.cloudinary.com/dlxghvxpf/image/upload/v1749765490/gundam_store/images/image_Destiny%20Gundam_76.jpg",
    "description": "",
    "order": 0
  }
},
{
  "model": "store.productimage",
  "pk": 77,
  "fields": {
    "product": 20,
    "image": "products/images/gd_04.jpg",
    "cloudinary_url": "https://res.cloudinary.com/dlxghvxpf/image/upload/v1749765492/gundam_store/images/image_Destiny%20Gundam_77.jpg",
    "description": "",
    "order": 0
  }
},
{
  "model": "store.productimage",
  "pk": 78,
  "fields": {
    "product": 20,
    "image": "products/images/gd_05.jpg",
    "cloudinary_url": "https://res.cloudinary.com/dlxghvxpf/image/upload/v1749765493/gundam_store/images/image_Destiny%20Gundam_78.jpg",
    "description": "",
    "order": 0
  }
},
{
  "model": "store.productimage",
  "pk": 79,
  "fields": {
    "product": 21,
    "image": "products/images/eg_01.jpg",
    "cloudinary_url": "https://res.cloudinary.com/dlxghvxpf/image/upload/v1749765495/gundam_store/images/image_Epyon%20Gundam_79.jpg",
    "description": "",
    "order": 0
  }
},
{
  "model": "store.productimage",
  "pk": 80,
  "fields": {
    "product": 21,
    "image": "products/images/eg_02.jpg",
    "cloudinary_url": "https://res.cloudinary.com/dlxghvxpf/image/upload/v1749765496/gundam_store/images/image_Epyon%20Gundam_80.jpg",
    "description": "",
    "order": 0
  }
},
{
  "model": "store.productimage",
  "pk": 81,
  "fields": {
    "product": 21,
    "image": "products/images/eg_03.jpg",
    "cloudinary_url": "https://res.cloudinary.com/dlxghvxpf/image/upload/v1749765498/gundam_store/images/image_Epyon%20Gundam_81.jpg",
    "description": "",
    "order": 0
  }
},
{
  "model": "store.productimage",
  "pk": 82,
  "fields": {
    "product": 21,
    "image": "products/images/eg_04.jpg",
    "cloudinary_url": "https://res.cloudinary.com/dlxghvxpf/image/upload/v1749765499/gundam_store/images/image_Epyon%20Gundam_82.jpg",
    "description": "",
    "order": 0
  }
},
{
  "model": "store.productimage",
  "pk": 83,
  "fields": {
    "product": 21,
    "image": "products/images/eg_05.jpg",
    "cloudinary_url": "https://res.cloudinary.com/dlxghvxpf/image/upload/v1749765500/gundam_store/images/image_Epyon%20Gundam_83.jpg",
    "description": "",
    "order": 0
  }
},
{
  "model": "store.productimage",
  "pk": 84,
  "fields": {
    "product": 22,
    "image": "products/images/gal_01.jpg",
    "cloudinary_url": "https://res.cloudinary.com/dlxghvxpf/image/upload/v1749765502/gundam_store/images/image_GalBaldy_84.jpg",
    "description": "",
    "order": 0
  }
},
{
  "model": "store.productimage",
  "pk": 85,
  "fields": {
    "product": 22,
    "image": "products/images/gal_02.jpg",
    "cloudinary_url": "https://res.cloudinary.com/dlxghvxpf/image/upload/v1749765503/gundam_store/images/image_GalBaldy_85.jpg",
    "description": "",
    "order": 0
  }
},
{
  "model": "store.productimage",
  "pk": 86,
  "fields": {
    "product": 22,
    "image": "products/images/gal_03.jpg",
    "cloudinary_url": "https://res.cloudinary.com/dlxghvxpf/image/upload/v1749765504/gundam_store/images/image_GalBaldy_86.jpg",
    "description": "",
    "order": 0
  }
},
{
  "model": "store.productimage",
  "pk": 87,
  "fields": {
    "product": 22,
    "image": "products/images/gal_04.jpg",
    "cloudinary_url": "https://res.cloudinary.com/dlxghvxpf/image/upload/v1749765506/gundam_store/images/image_GalBaldy_87.jpg",
    "description": "",
    "order": 0
  }
},
{
  "model": "store.productimage",
  "pk": 88,
  "fields": {
    "product": 23,
    "image": "products/images/spgm_01.jpg",
    "cloudinary_url": "https://res.cloudinary.com/dlxghvxpf/image/upload/v1749765507/gundam_store/images/image_GM%20Sniper%20II_88.jpg",
    "description": "",
    "order": 0
  }
},
{
  "model": "store.productimage",
  "pk": 89,
  "fields": {
    "product": 23,
    "image": "products/images/spgm_02.jpg",
    "cloudinary_url": "https://res.cloudinary.com/dlxghvxpf/image/upload/v1749765508/gundam_store/images/image_GM%20Sniper%20II_89.jpg",
    "description": "",
    "order": 0
  }
},
{
  "model": "store.productimage",
  "pk": 90,
  "fields": {
    "product": 23,
    "image": "products/images/spgm_03.jpg",
    "cloudinary_url": "https://res.cloudinary.com/dlxghvxpf/image/upload/v1749765510/gundam_store/images/image_GM%20Sniper%20II_90.jpg",
    "description": "",
    "order": 0
  }
},
{
  "model": "store.productimage",
  "pk": 91,
  "fields": {
    "product": 23,
    "image": "products/images/spgm_04.jpg",
    "cloudinary_url": "https://res.cloudinary.com/dlxghvxpf/image/upload/v1749765511/gundam_store/images/image_GM%20Sniper%20II_91.jpg",
    "description": "",
    "order": 0
  }
},
{
  "model": "store.productimage",
  "pk": 92,
  "fields": {
    "product": 24,
    "image": "products/images/gf_01.jpg",
    "cloudinary_url": "https://res.cloudinary.com/dlxghvxpf/image/upload/v1749765513/gundam_store/images/image_Gouf_92.jpg",
    "description": "",
    "order": 0
  }
},
{
  "model": "store.productimage",
  "pk": 93,
  "fields": {
    "product": 24,
    "image": "products/images/gf_02.jpg",
    "cloudinary_url": "https://res.cloudinary.com/dlxghvxpf/image/upload/v1749765514/gundam_store/images/image_Gouf_93.jpg",
    "description": "",
    "order": 0
  }
},
{
  "model": "store.productimage",
  "pk": 94,
  "fields": {
    "product": 24,
    "image": "products/images/gf_03.jpg",
    "cloudinary_url": "https://res.cloudinary.com/dlxghvxpf/image/upload/v1749765515/gundam_store/images/image_Gouf_94.jpg",
    "description": "",
    "order": 0
  }
},
{
  "model": "store.productimage",
  "pk": 95,
  "fields": {
    "product": 25,
    "image": "products/images/gft_01.jpg",
    "cloudinary_url": "https://res.cloudinary.com/dlxghvxpf/image/upload/v1749765517/gundam_store/images/image_Gouf%20Flight%20Type_95.jpg",
    "description": "",
    "order": 0
  }
},
{
  "model": "store.productimage",
  "pk": 96,
  "fields": {
    "product": 25,
    "image": "products/images/gft_02.jpg",
    "cloudinary_url": "https://res.cloudinary.com/dlxghvxpf/image/upload/v1749765518/gundam_store/images/image_Gouf%20Flight%20Type_96.jpg",
    "description": "",
    "order": 0
  }
},
{
  "model": "store.productimage",
  "pk": 97,
  "fields": {
    "product": 25,
    "image": "products/images/gft_03.jpg",
    "cloudinary_url": "https://res.cloudinary.com/dlxghvxpf/image/upload/v1749765520/gundam_store/images/image_Gouf%20Flight%20Type_97.jpg",
    "description": "",
    "order": 0
  }
},
{
  "model": "store.productimage",
  "pk": 98,
  "fields": {
    "product": 25,
    "image": "products/images/gft_04.jpg",
    "cloudinary_url": "https://res.cloudinary.com/dlxghvxpf/image/upload/v1749765522/gundam_store/images/image_Gouf%20Flight%20Type_98.jpg",
    "description": "",
    "order": 0
  }
},
{
  "model": "store.productimage",
  "pk": 99,
  "fields": {
    "product": 25,
    "image": "products/images/gft_05.jpg",
    "cloudinary_url": "https://res.cloudinary.com/dlxghvxpf/image/upload/v1749765523/gundam_store/images/image_Gouf%20Flight%20Type_99.jpg",
    "description": "",
    "order": 0
  }
},
{
  "model": "store.productimage",
  "pk": 100,
  "fields": {
    "product": 26,
    "image": "products/images/hk_01.jpg",
    "cloudinary_url": "https://res.cloudinary.com/dlxghvxpf/image/upload/v1749765525/gundam_store/images/image_Hyaku%20Shiki_100.jpg",
    "description": "",
    "order": 0
  }
},
{
  "model": "store.productimage",
  "pk": 101,
  "fields": {
    "product": 26,
    "image": "products/images/hk_02.jpg",
    "cloudinary_url": "https://res.cloudinary.com/dlxghvxpf/image/upload/v1749765526/gundam_store/images/image_Hyaku%20Shiki_101.jpg",
    "description": "",
    "order": 0
  }
},
{
  "model": "store.productimage",
  "pk": 102,
  "fields": {
    "product": 26,
    "image": "products/images/hk_03.jpg",
    "cloudinary_url": "https://res.cloudinary.com/dlxghvxpf/image/upload/v1749765528/gundam_store/images/image_Hyaku%20Shiki_102.jpg",
    "description": "",
    "order": 0
  }
},
{
  "model": "store.productimage",
  "pk": 103,
  "fields": {
    "product": 26,
    "image": "products/images/hk_04.jpg",
    "cloudinary_url": "https://res.cloudinary.com/dlxghvxpf/image/upload/v1749765530/gundam_store/images/image_Hyaku%20Shiki_103.jpg",
    "description": "",
    "order": 0
  }
},
{
  "model": "store.productimage",
  "pk": 105,
  "fields": {
    "product": 27,
    "image": "products/images/gp01fb_01_rGAV69X.jpg",
    "cloudinary_url": "https://res.cloudinary.com/dlxghvxpf/image/upload/v1749765531/gundam_store/images/image_GP01-Fb_105.jpg",
    "description": "",
    "order": 0
  }
},
{
  "model": "store.productimage",
  "pk": 106,
  "fields": {
    "product": 27,
    "image": "products/images/gp01fb_02_rKNuRjM.jpg",
    "cloudinary_url": "https://res.cloudinary.com/dlxghvxpf/image/upload/v1749765532/gundam_store/images/image_GP01-Fb_106.jpg",
    "description": "",
    "order": 0
  }
},
{
  "model": "store.productimage",
  "pk": 107,
  "fields": {
    "product": 27,
    "image": "products/images/gp01fb_03_6MCx0Z4.jpg",
    "cloudinary_url": "https://res.cloudinary.com/dlxghvxpf/image/upload/v1749765533/gundam_store/images/image_GP01-Fb_107.jpg",
    "description": "",
    "order": 0
  }
},
{
  "model": "store.productimage",
  "pk": 108,
  "fields": {
    "product": 27,
    "image": "products/images/gp01fb_04_CfmgUN9.jpg",
    "cloudinary_url": "https://res.cloudinary.com/dlxghvxpf/image/upload/v1749765535/gundam_store/images/image_GP01-Fb_108.jpg",
    "description": "",
    "order": 0
  }
},
{
  "model": "store.productimage",
  "pk": 109,
  "fields": {
    "product": 27,
    "image": "products/images/gp01fb_05_C7eRKBV.jpg",
    "cloudinary_url": "https://res.cloudinary.com/dlxghvxpf/image/upload/v1749765536/gundam_store/images/image_GP01-Fb_109.jpg",
    "description": "",
    "order": 0
  }
},
{
  "model": "store.productimage",
  "pk": 110,
  "fields": {
    "product": 28,
    "image": "products/images/gp2_01.jpg",
    "cloudinary_url": "https://res.cloudinary.com/dlxghvxpf/image/upload/v1749765537/gundam_store/images/image_GP02A_110.jpg",
    "description": "",
    "order": 0
  }
},
{
  "model": "store.productimage",
  "pk": 111,
  "fields": {
    "product": 28,
    "image": "products/images/gp2_02.jpg",
    "cloudinary_url": "https://res.cloudinary.com/dlxghvxpf/image/upload/v1749765539/gundam_store/images/image_GP02A_111.jpg",
    "description": "",
    "order": 0
  }
},
{
  "model": "store.productimage",
  "pk": 112,
  "fields": {
    "product": 28,
    "image": "products/images/gp2_03.jpg",
    "cloudinary_url": "https://res.cloudinary.com/dlxghvxpf/image/upload/v1749765540/gundam_store/images/image_GP02A_112.jpg",
    "description": "",
    "order": 0
  }
},
{
  "model": "store.productimage",
  "pk": 113,
  "fields": {
    "product": 29,
    "image": "products/images/og_01.jpg",
    "cloudinary_url": "https://res.cloudinary.com/dlxghvxpf/image/upload/v1749765542/gundam_store/images/image_Gundam_113.jpg",
    "description": "",
    "order": 0
  }
},
{
  "model": "store.productimage",
  "pk": 114,
  "fields": {
    "product": 29,
    "image": "products/images/og_02.jpg",
    "cloudinary_url": "https://res.cloudinary.com/dlxghvxpf/image/upload/v1749765543/gundam_store/images/image_Gundam_114.jpg",
    "description": "",
    "order": 0
  }
},
{
  "model": "store.productimage",
  "pk": 115,
  "fields": {
    "product": 29,
    "image": "products/images/og_03.jpg",
    "cloudinary_url": "https://res.cloudinary.com/dlxghvxpf/image/upload/v1749765544/gundam_store/images/image_Gundam_115.jpg",
    "description": "",
    "order": 0
  }
},
{
  "model": "store.productimage",
  "pk": 116,
  "fields": {
    "product": 29,
    "image": "products/images/og_04.jpg",
    "cloudinary_url": "https://res.cloudinary.com/dlxghvxpf/image/upload/v1749765546/gundam_store/images/image_Gundam_116.jpg",
    "description": "",
    "order": 0
  }
},
{
  "model": "store.productimage",
  "pk": 117,
  "fields": {
    "product": 29,
    "image": "products/images/og_05.jpg",
    "cloudinary_url": "https://res.cloudinary.com/dlxghvxpf/image/upload/v1749765547/gundam_store/images/image_Gundam_117.jpg",
    "description": "",
    "order": 0
  }
},
{
  "model": "store.productimage",
  "pk": 118,
  "fields": {
    "product": 30,
    "image": "products/images/hz_01.jpg",
    "cloudinary_url": "https://res.cloudinary.com/dlxghvxpf/image/upload/v1749765549/gundam_store/images/image_Hi%20Zaku_118.jpg",
    "description": "",
    "order": 0
  }
},
{
  "model": "store.productimage",
  "pk": 119,
  "fields": {
    "product": 30,
    "image": "products/images/hz_02.jpg",
    "cloudinary_url": "https://res.cloudinary.com/dlxghvxpf/image/upload/v1749765550/gundam_store/images/image_Hi%20Zaku_119.jpg",
    "description": "",
    "order": 0
  }
},
{
  "model": "store.productimage",
  "pk": 120,
  "fields": {
    "product": 30,
    "image": "products/images/hz_03.jpg",
    "cloudinary_url": "https://res.cloudinary.com/dlxghvxpf/image/upload/v1749765551/gundam_store/images/image_Hi%20Zaku_120.jpg",
    "description": "",
    "order": 0
  }
},
{
  "model": "store.productimage",
  "pk": 121,
  "fields": {
    "product": 30,
    "image": "products/images/hz_04.jpg",
    "cloudinary_url": "https://res.cloudinary.com/dlxghvxpf/image/upload/v1749765553/gundam_store/images/image_Hi%20Zaku_121.jpg",
    "description": "",
    "order": 0
  }
},
{
  "model": "store.productimage",
  "pk": 122,
  "fields": {
    "product": 30,
    "image": "products/images/hz_05.jpg",
    "cloudinary_url": "https://res.cloudinary.com/dlxghvxpf/image/upload/v1749765554/gundam_store/images/image_Hi%20Zaku_122.jpg",
    "description": "",
    "order": 0
  }
},
{
  "model": "store.productimage",
  "pk": 123,
  "fields": {
    "product": 31,
    "image": "products/images/hng_01.jpg",
    "cloudinary_url": "https://res.cloudinary.com/dlxghvxpf/image/upload/v1749765555/gundam_store/images/image_Hi-v_123.jpg",
    "description": "",
    "order": 0
  }
},
{
  "model": "store.productimage",
  "pk": 124,
  "fields": {
    "product": 31,
    "image": "products/images/hng_02.jpg",
    "cloudinary_url": "https://res.cloudinary.com/dlxghvxpf/image/upload/v1749765557/gundam_store/images/image_Hi-v_124.jpg",
    "description": "",
    "order": 0
  }
},
{
  "model": "store.productimage",
  "pk": 125,
  "fields": {
    "product": 31,
    "image": "products/images/hng_03.jpg",
    "cloudinary_url": "https://res.cloudinary.com/dlxghvxpf/image/upload/v1749765558/gundam_store/images/image_Hi-v_125.jpg",
    "description": "",
    "order": 0
  }
},
{
  "model": "store.productimage",
  "pk": 126,
  "fields": {
    "product": 31,
    "image": "products/images/hng_04.jpg",
    "cloudinary_url": "https://res.cloudinary.com/dlxghvxpf/image/upload/v1749765560/gundam_store/images/image_Hi-v_126.jpg",
    "description": "",
    "order": 0
  }
},
{
  "model": "store.productimage",
  "pk": 127,
  "fields": {
    "product": 32,
    "image": "products/images/hkfa_01.jpg",
    "cloudinary_url": "https://res.cloudinary.com/dlxghvxpf/image/upload/v1749765561/gundam_store/images/image_Hyatt%20Shiki%20Kai_127.jpg",
    "description": "",
    "order": 0
  }
},
{
  "model": "store.productimage",
  "pk": 128,
  "fields": {
    "product": 32,
    "image": "products/images/hkfa_02.jpg",
    "cloudinary_url": "https://res.cloudinary.com/dlxghvxpf/image/upload/v1749765563/gundam_store/images/image_Hyatt%20Shiki%20Kai_128.jpg",
    "description": "",
    "order": 0
  }
},
{
  "model": "store.productimage",
  "pk": 129,
  "fields": {
    "product": 32,
    "image": "products/images/hkfa_03.jpg",
    "cloudinary_url": "https://res.cloudinary.com/dlxghvxpf/image/upload/v1749765564/gundam_store/images/image_Hyatt%20Shiki%20Kai_129.jpg",
    "description": "",
    "order": 0
  }
},
{
  "model": "store.productimage",
  "pk": 130,
  "fields": {
    "product": 32,
    "image": "products/images/hkfa_04.jpg",
    "cloudinary_url": "https://res.cloudinary.com/dlxghvxpf/image/upload/v1749765565/gundam_store/images/image_Hyatt%20Shiki%20Kai_130.jpg",
    "description": "",
    "order": 0
  }
},
{
  "model": "store.productimage",
  "pk": 131,
  "fields": {
    "product": 33,
    "image": "products/images/gj_01.jpg",
    "cloudinary_url": "https://res.cloudinary.com/dlxghvxpf/image/upload/v1749765567/gundam_store/images/image_Justice%20Gundam_131.jpg",
    "description": "",
    "order": 0
  }
},
{
  "model": "store.productimage",
  "pk": 132,
  "fields": {
    "product": 33,
    "image": "products/images/gj_02.jpg",
    "cloudinary_url": "https://res.cloudinary.com/dlxghvxpf/image/upload/v1749765569/gundam_store/images/image_Justice%20Gundam_132.jpg",
    "description": "",
    "order": 0
  }
},
{
  "model": "store.productimage",
  "pk": 133,
  "fields": {
    "product": 33,
    "image": "products/images/gj_03.jpg",
    "cloudinary_url": "https://res.cloudinary.com/dlxghvxpf/image/upload/v1749765571/gundam_store/images/image_Justice%20Gundam_133.jpg",
    "description": "",
    "order": 0
  }
},
{
  "model": "store.productimage",
  "pk": 134,
  "fields": {
    "product": 34,
    "image": "products/images/leo_01.jpg",
    "cloudinary_url": "https://res.cloudinary.com/dlxghvxpf/image/upload/v1749765573/gundam_store/images/image_Leo_134.jpg",
    "description": "",
    "order": 0
  }
},
{
  "model": "store.productimage",
  "pk": 135,
  "fields": {
    "product": 34,
    "image": "products/images/leo_02.jpg",
    "cloudinary_url": "https://res.cloudinary.com/dlxghvxpf/image/upload/v1749765574/gundam_store/images/image_Leo_135.jpg",
    "description": "",
    "order": 0
  }
},
{
  "model": "store.productimage",
  "pk": 136,
  "fields": {
    "product": 34,
    "image": "products/images/leo_03.jpg",
    "cloudinary_url": "https://res.cloudinary.com/dlxghvxpf/image/upload/v1749765576/gundam_store/images/image_Leo_136.jpg",
    "description": "",
    "order": 0
  }
},
{
  "model": "store.productimage",
  "pk": 137,
  "fields": {
    "product": 35,
    "image": "products/images/mg_01.jpg",
    "cloudinary_url": "https://res.cloudinary.com/dlxghvxpf/image/upload/v1749765577/gundam_store/images/image_Master%20Gundam_137.jpg",
    "description": "",
    "order": 0
  }
},
{
  "model": "store.productimage",
  "pk": 138,
  "fields": {
    "product": 35,
    "image": "products/images/mg_02.jpg",
    "cloudinary_url": "https://res.cloudinary.com/dlxghvxpf/image/upload/v1749765579/gundam_store/images/image_Master%20Gundam_138.jpg",
    "description": "",
    "order": 0
  }
},
{
  "model": "store.productimage",
  "pk": 139,
  "fields": {
    "product": 35,
    "image": "products/images/mg_03.jpg",
    "cloudinary_url": "https://res.cloudinary.com/dlxghvxpf/image/upload/v1749765580/gundam_store/images/image_Master%20Gundam_139.jpg",
    "description": "",
    "order": 0
  }
},
{
  "model": "store.productimage",
  "pk": 140,
  "fields": {
    "product": 35,
    "image": "products/images/mg_04.jpg",
    "cloudinary_url": "https://res.cloudinary.com/dlxghvxpf/image/upload/v1749765581/gundam_store/images/image_Master%20Gundam_140.jpg",
    "description": "",
    "order": 0
  }
},
{
  "model": "store.productimage",
  "pk": 141,
  "fields": {
    "product": 36,
    "image": "products/images/gmk2_01.jpg",
    "cloudinary_url": "https://res.cloudinary.com/dlxghvxpf/image/upload/v1749765582/gundam_store/images/image_Gundam%20Mk-II_141.jpg",
    "description": "",
    "order": 0
  }
},
{
  "model": "store.productimage",
  "pk": 142,
  "fields": {
    "product": 36,
    "image": "products/images/gmk2_02.jpg",
    "cloudinary_url": "https://res.cloudinary.com/dlxghvxpf/image/upload/v1749765583/gundam_store/images/image_Gundam%20Mk-II_142.jpg",
    "description": "",
    "order": 0
  }
},
{
  "model": "store.productimage",
  "pk": 143,
  "fields": {
    "product": 36,
    "image": "products/images/gmk2_03.jpg",
    "cloudinary_url": "https://res.cloudinary.com/dlxghvxpf/image/upload/v1749765584/gundam_store/images/image_Gundam%20Mk-II_143.jpg",
    "description": "",
    "order": 0
  }
},
{
  "model": "store.productimage",
  "pk": 144,
  "fields": {
    "product": 36,
    "image": "products/images/gmk2_04.jpg",
    "cloudinary_url": "https://res.cloudinary.com/dlxghvxpf/image/upload/v1749765586/gundam_store/images/image_Gundam%20Mk-II_144.jpg",
    "description": "",
    "order": 0
  }
},
{
  "model": "store.productimage",
  "pk": 145,
  "fields": {
    "product": 36,
    "image": "products/images/gmk2_05.jpg",
    "cloudinary_url": "https://res.cloudinary.com/dlxghvxpf/image/upload/v1749765587/gundam_store/images/image_Gundam%20Mk-II_145.jpg",
    "description": "",
    "order": 0
  }
},
{
  "model": "store.productimage",
  "pk": 146,
  "fields": {
    "product": 37,
    "image": "products/images/mk2t_01.jpg",
    "cloudinary_url": "https://res.cloudinary.com/dlxghvxpf/image/upload/v1749765588/gundam_store/images/image_Gundam%20Mk-Ii%20%28Titans%29_146.jpg",
    "description": "",
    "order": 0
  }
},
{
  "model": "store.productimage",
  "pk": 147,
  "fields": {
    "product": 37,
    "image": "products/images/mk2t_02.jpg",
    "cloudinary_url": "https://res.cloudinary.com/dlxghvxpf/image/upload/v1749765589/gundam_store/images/image_Gundam%20Mk-Ii%20%28Titans%29_147.jpg",
    "description": "",
    "order": 0
  }
},
{
  "model": "store.productimage",
  "pk": 148,
  "fields": {
    "product": 37,
    "image": "products/images/mk2t_03.jpg",
    "cloudinary_url": "https://res.cloudinary.com/dlxghvxpf/image/upload/v1749765591/gundam_store/images/image_Gundam%20Mk-Ii%20%28Titans%29_148.jpg",
    "description": "",
    "order": 0
  }
},
{
  "model": "store.productimage",
  "pk": 149,
  "fields": {
    "product": 37,
    "image": "products/images/mk2t_04.jpg",
    "cloudinary_url": "https://res.cloudinary.com/dlxghvxpf/image/upload/v1749765592/gundam_store/images/image_Gundam%20Mk-Ii%20%28Titans%29_149.jpg",
    "description": "",
    "order": 0
  }
},
{
  "model": "store.productimage",
  "pk": 150,
  "fields": {
    "product": 37,
    "image": "products/images/mk2t_05.jpg",
    "cloudinary_url": "https://res.cloudinary.com/dlxghvxpf/image/upload/v1749765593/gundam_store/images/image_Gundam%20Mk-Ii%20%28Titans%29_150.jpg",
    "description": "",
    "order": 0
  }
},
{
  "model": "store.productimage",
  "pk": 151,
  "fields": {
    "product": 38,
    "image": "products/images/zz_01.jpg",
    "cloudinary_url": "https://res.cloudinary.com/dlxghvxpf/image/upload/v1749765595/gundam_store/images/image_Prototype%20ZZ%20Gundam_151.jpg",
    "description": "",
    "order": 0
  }
},
{
  "model": "store.productimage",
  "pk": 152,
  "fields": {
    "product": 38,
    "image": "products/images/zz_02.jpg",
    "cloudinary_url": "https://res.cloudinary.com/dlxghvxpf/image/upload/v1749765596/gundam_store/images/image_Prototype%20ZZ%20Gundam_152.jpg",
    "description": "",
    "order": 0
  }
},
{
  "model": "store.productimage",
  "pk": 153,
  "fields": {
    "product": 38,
    "image": "products/images/zz_03.jpg",
    "cloudinary_url": "https://res.cloudinary.com/dlxghvxpf/image/upload/v1749765598/gundam_store/images/image_Prototype%20ZZ%20Gundam_153.jpg",
    "description": "",
    "order": 0
  }
},
{
  "model": "store.productimage",
  "pk": 154,
  "fields": {
    "product": 38,
    "image": "products/images/zz_04.jpg",
    "cloudinary_url": "https://res.cloudinary.com/dlxghvxpf/image/upload/v1749765599/gundam_store/images/image_Prototype%20ZZ%20Gundam_154.jpg",
    "description": "",
    "order": 0
  }
},
{
  "model": "store.productimage",
  "pk": 155,
  "fields": {
    "product": 38,
    "image": "products/images/zz_05.jpg",
    "cloudinary_url": "https://res.cloudinary.com/dlxghvxpf/image/upload/v1749765601/gundam_store/images/image_Prototype%20ZZ%20Gundam_155.jpg",
    "description": "",
    "order": 0
  }
},
{
  "model": "store.productimage",
  "pk": 156,
  "fields": {
    "product": 39,
    "image": "products/images/rds_01.jpg",
    "cloudinary_url": "https://res.cloudinary.com/dlxghvxpf/image/upload/v1749765602/gundam_store/images/image_Rick%20Dias_156.jpg",
    "description": "",
    "order": 0
  }
},
{
  "model": "store.productimage",
  "pk": 157,
  "fields": {
    "product": 39,
    "image": "products/images/rds_02.jpg",
    "cloudinary_url": "https://res.cloudinary.com/dlxghvxpf/image/upload/v1749765604/gundam_store/images/image_Rick%20Dias_157.jpg",
    "description": "",
    "order": 0
  }
},
{
  "model": "store.productimage",
  "pk": 158,
  "fields": {
    "product": 39,
    "image": "products/images/rds_03.jpg",
    "cloudinary_url": "https://res.cloudinary.com/dlxghvxpf/image/upload/v1749765605/gundam_store/images/image_Rick%20Dias_158.jpg",
    "description": "",
    "order": 0
  }
},
{
  "model": "store.productimage",
  "pk": 159,
  "fields": {
    "product": 39,
    "image": "products/images/rds_04.jpg",
    "cloudinary_url": "https://res.cloudinary.com/dlxghvxpf/image/upload/v1749765606/gundam_store/images/image_Rick%20Dias_159.jpg",
    "description": "",
    "order": 0
  }
},
{
  "model": "store.productimage",
  "pk": 160,
  "fields": {
    "product": 40,
    "image": "products/images/szb_01.jpg",
    "cloudinary_url": "https://res.cloudinary.com/dlxghvxpf/image/upload/v1749765608/gundam_store/images/image_Sazabi_160.jpg",
    "description": "",
    "order": 0
  }
},
{
  "model": "store.productimage",
  "pk": 161,
  "fields": {
    "product": 40,
    "image": "products/images/szb_02.jpg",
    "cloudinary_url": "https://res.cloudinary.com/dlxghvxpf/image/upload/v1749765609/gundam_store/images/image_Sazabi_161.jpg",
    "description": "",
    "order": 0
  }
},
{
  "model": "store.productimage",
  "pk": 162,
  "fields": {
    "product": 40,
    "image": "products/images/szb_03.jpg",
    "cloudinary_url": "https://res.cloudinary.com/dlxghvxpf/image/upload/v1749765611/gundam_store/images/image_Sazabi_162.jpg",
    "description": "",
    "order": 0
  }
},
{
  "model": "store.productimage",
  "pk": 163,
  "fields": {
    "product": 41,
    "image": "products/images/sl_01.jpg",
    "cloudinary_url": "https://res.cloudinary.com/dlxghvxpf/image/upload/v1749765613/gundam_store/images/image_Shenlong%20Gundam_163.jpg",
    "description": "",
    "order": 0
  }
},
{
  "model": "store.productimage",
  "pk": 164,
  "fields": {
    "product": 41,
    "image": "products/images/sl_02.jpg",
    "cloudinary_url": "https://res.cloudinary.com/dlxghvxpf/image/upload/v1749765614/gundam_store/images/image_Shenlong%20Gundam_164.jpg",
    "description": "",
    "order": 0
  }
},
{
  "model": "store.productimage",
  "pk": 165,
  "fields": {
    "product": 41,
    "image": "products/images/sl_03.jpg",
    "cloudinary_url": "https://res.cloudinary.com/dlxghvxpf/image/upload/v1749765617/gundam_store/images/image_Shenlong%20Gundam_165.jpg",
    "description": "",
    "order": 0
  }
},
{
  "model": "store.productimage",
  "pk": 166,
  "fields": {
    "product": 41,
    "image": "products/images/sl_04.jpg",
    "cloudinary_url": "https://res.cloudinary.com/dlxghvxpf/image/upload/v1749765618/gundam_store/images/image_Shenlong%20Gundam_166.jpg",
    "description": "",
    "order": 0
  }
},
{
  "model": "store.productimage",
  "pk": 167,
  "fields": {
    "product": 42,
    "image": "products/images/shin_01.jpg",
    "cloudinary_url": "https://res.cloudinary.com/dlxghvxpf/image/upload/v1749765619/gundam_store/images/image_Shining%20Gundam_167.jpg",
    "description": "",
    "order": 0
  }
},
{
  "model": "store.productimage",
  "pk": 168,
  "fields": {
    "product": 42,
    "image": "products/images/shin_02.jpg",
    "cloudinary_url": "https://res.cloudinary.com/dlxghvxpf/image/upload/v1749765620/gundam_store/images/image_Shining%20Gundam_168.jpg",
    "description": "",
    "order": 0
  }
},
{
  "model": "store.productimage",
  "pk": 169,
  "fields": {
    "product": 42,
    "image": "products/images/shin_03.jpg",
    "cloudinary_url": "https://res.cloudinary.com/dlxghvxpf/image/upload/v1749765622/gundam_store/images/image_Shining%20Gundam_169.jpg",
    "description": "",
    "order": 0
  }
},
{
  "model": "store.productimage",
  "pk": 170,
  "fields": {
    "product": 42,
    "image": "products/images/shin_04.jpg",
    "cloudinary_url": "https://res.cloudinary.com/dlxghvxpf/image/upload/v1749765623/gundam_store/images/image_Shining%20Gundam_170.jpg",
    "description": "",
    "order": 0
  }
},
{
  "model": "store.productimage",
  "pk": 171,
  "fields": {
    "product": 43,
    "image": "products/images/sg_01.jpg",
    "cloudinary_url": "https://res.cloudinary.com/dlxghvxpf/image/upload/v1749765625/gundam_store/images/image_Strike%20Gundam_171.jpg",
    "description": "",
    "order": 0
  }
},
{
  "model": "store.productimage",
  "pk": 172,
  "fields": {
    "product": 43,
    "image": "products/images/sg_02.jpg",
    "cloudinary_url": "https://res.cloudinary.com/dlxghvxpf/image/upload/v1749765626/gundam_store/images/image_Strike%20Gundam_172.jpg",
    "description": "",
    "order": 0
  }
},
{
  "model": "store.productimage",
  "pk": 173,
  "fields": {
    "product": 43,
    "image": "products/images/sg_03.jpg",
    "cloudinary_url": "https://res.cloudinary.com/dlxghvxpf/image/upload/v1749765628/gundam_store/images/image_Strike%20Gundam_173.jpg",
    "description": "",
    "order": 0
  }
},
{
  "model": "store.productimage",
  "pk": 174,
  "fields": {
    "product": 43,
    "image": "products/images/sg_04.jpg",
    "cloudinary_url": "https://res.cloudinary.com/dlxghvxpf/image/upload/v1749765630/gundam_store/images/image_Strike%20Gundam_174.jpg",
    "description": "",
    "order": 0
  }
},
{
  "model": "store.productimage",
  "pk": 175,
  "fields": {
    "product": 43,
    "image": "products/images/sg_05.jpg",
    "cloudinary_url": "https://res.cloudinary.com/dlxghvxpf/image/upload/v1749765631/gundam_store/images/image_Strike%20Gundam_175.jpg",
    "description": "",
    "order": 0
  }
},
{
  "model": "store.productimage",
  "pk": 176,
  "fields": {
    "product": 44,
    "image": "products/images/gsf-01.jpg",
    "cloudinary_url": "https://res.cloudinary.com/dlxghvxpf/image/upload/v1749765632/gundam_store/images/image_Strike%20Freedom%20Gundam_176.jpg",
    "description": "",
    "order": 0
  }
},
{
  "model": "store.productimage",
  "pk": 177,
  "fields": {
    "product": 44,
    "image": "products/images/gsf_02.jpg",
    "cloudinary_url": "https://res.cloudinary.com/dlxghvxpf/image/upload/v1749765634/gundam_store/images/image_Strike%20Freedom%20Gundam_177.jpg",
    "description": "",
    "order": 0
  }
},
{
  "model": "store.productimage",
  "pk": 178,
  "fields": {
    "product": 44,
    "image": "products/images/gsf_03.jpg",
    "cloudinary_url": "https://res.cloudinary.com/dlxghvxpf/image/upload/v1749765636/gundam_store/images/image_Strike%20Freedom%20Gundam_178.jpg",
    "description": "",
    "order": 0
  }
},
{
  "model": "store.productimage",
  "pk": 179,
  "fields": {
    "product": 45,
    "image": "products/images/sig_01.jpg",
    "cloudinary_url": "https://res.cloudinary.com/dlxghvxpf/image/upload/v1749765638/gundam_store/images/image_Sword%20Impulse%20Gundam_179.jpg",
    "description": "",
    "order": 0
  }
},
{
  "model": "store.productimage",
  "pk": 180,
  "fields": {
    "product": 45,
    "image": "products/images/sig_02.jpg",
    "cloudinary_url": "https://res.cloudinary.com/dlxghvxpf/image/upload/v1749765640/gundam_store/images/image_Sword%20Impulse%20Gundam_180.jpg",
    "description": "",
    "order": 0
  }
},
{
  "model": "store.productimage",
  "pk": 181,
  "fields": {
    "product": 45,
    "image": "products/images/sig_03.jpg",
    "cloudinary_url": "https://res.cloudinary.com/dlxghvxpf/image/upload/v1749765641/gundam_store/images/image_Sword%20Impulse%20Gundam_181.jpg",
    "description": "",
    "order": 0
  }
},
{
  "model": "store.productimage",
  "pk": 182,
  "fields": {
    "product": 46,
    "image": "products/images/tgs2_01.jpg",
    "cloudinary_url": "https://res.cloudinary.com/dlxghvxpf/image/upload/v1749765643/gundam_store/images/image_Tallgeese%20II_182.jpg",
    "description": "",
    "order": 0
  }
},
{
  "model": "store.productimage",
  "pk": 183,
  "fields": {
    "product": 46,
    "image": "products/images/tgs2_02.jpg",
    "cloudinary_url": "https://res.cloudinary.com/dlxghvxpf/image/upload/v1749765644/gundam_store/images/image_Tallgeese%20II_183.jpg",
    "description": "",
    "order": 0
  }
},
{
  "model": "store.productimage",
  "pk": 184,
  "fields": {
    "product": 46,
    "image": "products/images/tgs2_03.jpg",
    "cloudinary_url": "https://res.cloudinary.com/dlxghvxpf/image/upload/v1749765646/gundam_store/images/image_Tallgeese%20II_184.jpg",
    "description": "",
    "order": 0
  }
},
{
  "model": "store.productimage",
  "pk": 185,
  "fields": {
    "product": 46,
    "image": "products/images/tgs2_04.jpg",
    "cloudinary_url": "https://res.cloudinary.com/dlxghvxpf/image/upload/v1749765648/gundam_store/images/image_Tallgeese%20II_185.jpg",
    "description": "",
    "order": 0
  }
},
{
  "model": "store.productimage",
  "pk": 186,
  "fields": {
    "product": 46,
    "image": "products/images/tgs2_05.jpg",
    "cloudinary_url": "https://res.cloudinary.com/dlxghvxpf/image/upload/v1749765649/gundam_store/images/image_Tallgeese%20II_186.jpg",
    "description": "",
    "order": 0
  }
},
{
  "model": "store.productimage",
  "pk": 187,
  "fields": {
    "product": 47,
    "image": "products/images/ug_01.jpg",
    "cloudinary_url": "https://res.cloudinary.com/dlxghvxpf/image/upload/v1749765651/gundam_store/images/image_Unicorn%20Gundam_187.jpg",
    "description": "",
    "order": 0
  }
},
{
  "model": "store.productimage",
  "pk": 188,
  "fields": {
    "product": 47,
    "image": "products/images/ug_02.jpg",
    "cloudinary_url": "https://res.cloudinary.com/dlxghvxpf/image/upload/v1749765653/gundam_store/images/image_Unicorn%20Gundam_188.jpg",
    "description": "",
    "order": 0
  }
},
{
  "model": "store.productimage",
  "pk": 189,
  "fields": {
    "product": 47,
    "image": "products/images/ug_03.jpg",
    "cloudinary_url": "https://res.cloudinary.com/dlxghvxpf/image/upload/v1749765655/gundam_store/images/image_Unicorn%20Gundam_189.jpg",
    "description": "",
    "order": 0
  }
},
{
  "model": "store.productimage",
  "pk": 190,
  "fields": {
    "product": 47,
    "image": "products/images/ug_04.jpg",
    "cloudinary_url": "https://res.cloudinary.com/dlxghvxpf/image/upload/v1749765656/gundam_store/images/image_Unicorn%20Gundam_190.jpg",
    "description": "",
    "order": 0
  }
},
{
  "model": "store.productimage",
  "pk": 191,
  "fields": {
    "product": 47,
    "image": "products/images/ug_05.jpg",
    "cloudinary_url": "https://res.cloudinary.com/dlxghvxpf/image/upload/v1749765658/gundam_store/images/image_Unicorn%20Gundam_191.jpg",
    "description": "",
    "order": 0
  }
},
{
  "model": "store.productimage",
  "pk": 192,
  "fields": {
    "product": 48,
    "image": "products/images/v_01.jpg",
    "cloudinary_url": "https://res.cloudinary.com/dlxghvxpf/image/upload/v1749765659/gundam_store/images/image_v%20Gundam_192.jpg",
    "description": "",
    "order": 0
  }
},
{
  "model": "store.productimage",
  "pk": 193,
  "fields": {
    "product": 48,
    "image": "products/images/v_02.jpg",
    "cloudinary_url": "https://res.cloudinary.com/dlxghvxpf/image/upload/v1749765661/gundam_store/images/image_v%20Gundam_193.jpg",
    "description": "",
    "order": 0
  }
},
{
  "model": "store.productimage",
  "pk": 194,
  "fields": {
    "product": 48,
    "image": "products/images/v_03.jpg",
    "cloudinary_url": "https://res.cloudinary.com/dlxghvxpf/image/upload/v1749765663/gundam_store/images/image_v%20Gundam_194.jpg",
    "description": "",
    "order": 0
  }
},
{
  "model": "store.productimage",
  "pk": 195,
  "fields": {
    "product": 48,
    "image": "products/images/v_04.jpg",
    "cloudinary_url": "https://res.cloudinary.com/dlxghvxpf/image/upload/v1749765664/gundam_store/images/image_v%20Gundam_195.jpg",
    "description": "",
    "order": 0
  }
},
{
  "model": "store.productimage",
  "pk": 196,
  "fields": {
    "product": 49,
    "image": "products/images/w0_01.jpg",
    "cloudinary_url": "https://res.cloudinary.com/dlxghvxpf/image/upload/v1749765666/gundam_store/images/image_Wing%20Zero%20Gundam_196.jpg",
    "description": "",
    "order": 0
  }
},
{
  "model": "store.productimage",
  "pk": 197,
  "fields": {
    "product": 49,
    "image": "products/images/w0_02.jpg",
    "cloudinary_url": "https://res.cloudinary.com/dlxghvxpf/image/upload/v1749765667/gundam_store/images/image_Wing%20Zero%20Gundam_197.jpg",
    "description": "",
    "order": 0
  }
},
{
  "model": "store.productimage",
  "pk": 198,
  "fields": {
    "product": 49,
    "image": "products/images/w0_03.jpg",
    "cloudinary_url": "https://res.cloudinary.com/dlxghvxpf/image/upload/v1749765669/gundam_store/images/image_Wing%20Zero%20Gundam_198.jpg",
    "description": "",
    "order": 0
  }
},
{
  "model": "store.productimage",
  "pk": 199,
  "fields": {
    "product": 49,
    "image": "products/images/w0_04.jpg",
    "cloudinary_url": "https://res.cloudinary.com/dlxghvxpf/image/upload/v1749765671/gundam_store/images/image_Wing%20Zero%20Gundam_199.jpg",
    "description": "",
    "order": 0
  }
},
{
  "model": "store.productimage",
  "pk": 200,
  "fields": {
    "product": 49,
    "image": "products/images/w0_05.jpg",
    "cloudinary_url": "https://res.cloudinary.com/dlxghvxpf/image/upload/v1749765672/gundam_store/images/image_Wing%20Zero%20Gundam_200.jpg",
    "description": "",
    "order": 0
  }
},
{
  "model": "store.productimage",
  "pk": 201,
  "fields": {
    "product": 50,
    "image": "products/images/cb_01.jpg",
    "cloudinary_url": "https://res.cloudinary.com/dlxghvxpf/image/upload/v1749765674/gundam_store/images/image_Z%27Gok_201.jpg",
    "description": "",
    "order": 0
  }
},
{
  "model": "store.productimage",
  "pk": 202,
  "fields": {
    "product": 50,
    "image": "products/images/cb_02.jpg",
    "cloudinary_url": "https://res.cloudinary.com/dlxghvxpf/image/upload/v1749765676/gundam_store/images/image_Z%27Gok_202.jpg",
    "description": "",
    "order": 0
  }
},
{
  "model": "store.productimage",
  "pk": 203,
  "fields": {
    "product": 50,
    "image": "products/images/CB_03.jpg",
    "cloudinary_url": "https://res.cloudinary.com/dlxghvxpf/image/upload/v1749765677/gundam_store/images/image_Z%27Gok_203.jpg",
    "description": "",
    "order": 0
  }
},
{
  "model": "store.productimage",
  "pk": 204,
  "fields": {
    "product": 51,
    "image": "products/images/zg_01.jpg",
    "cloudinary_url": "https://res.cloudinary.com/dlxghvxpf/image/upload/v1749765679/gundam_store/images/image_Zeta%20Gundam_204.jpg",
    "description": "",
    "order": 0
  }
},
{
  "model": "store.productimage",
  "pk": 205,
  "fields": {
    "product": 51,
    "image": "products/images/zg_02.jpg",
    "cloudinary_url": "https://res.cloudinary.com/dlxghvxpf/image/upload/v1749765681/gundam_store/images/image_Zeta%20Gundam_205.jpg",
    "description": "",
    "order": 0
  }
},
{
  "model": "store.productimage",
  "pk": 206,
  "fields": {
    "product": 51,
    "image": "products/images/zg_03.jpg",
    "cloudinary_url": "https://res.cloudinary.com/dlxghvxpf/image/upload/v1749765682/gundam_store/images/image_Zeta%20Gundam_206.jpg",
    "description": "",
    "order": 0
  }
},
{
  "model": "store.productimage",
  "pk": 207,
  "fields": {
    "product": 51,
    "image": "products/images/zg_04.jpg",
    "cloudinary_url": "https://res.cloudinary.com/dlxghvxpf/image/upload/v1749765684/gundam_store/images/image_Zeta%20Gundam_207.jpg",
    "description": "",
    "order": 0
  }
},
{
  "model": "store.productimage",
  "pk": 208,
  "fields": {
    "product": 51,
    "image": "products/images/zg_05.jpg",
    "cloudinary_url": "https://res.cloudinary.com/dlxghvxpf/image/upload/v1749765686/gundam_store/images/image_Zeta%20Gundam_208.jpg",
    "description": "",
    "order": 0
  }
},
{
  "model": "store.productimage",
  "pk": 219,
  "fields": {
    "product": 12,
    "image": "products/images/gags_03_aY07Xhj.jpg",
    "cloudinary_url": "https://res.cloudinary.com/dlxghvxpf/image/upload/v1750045512/gundam_store/images/image_Aegis_219.jpg",
    "description": "",
    "order": 0
  }
},
{
  "model": "store.productimage",
  "pk": 220,
  "fields": {
    "product": 12,
    "image": "products/images/gags_04_pmeZrGD.jpg",
    "cloudinary_url": "https://res.cloudinary.com/dlxghvxpf/image/upload/v1750045514/gundam_store/images/image_Aegis_220.jpg",
    "description": "",
    "order": 0
  }
},
{
  "model": "store.productimage",
  "pk": 221,
  "fields": {
    "product": 12,
    "image": "products/images/gags_05_uqNRVxF.jpg",
    "cloudinary_url": "https://res.cloudinary.com/dlxghvxpf/image/upload/v1750045517/gundam_store/images/image_Aegis_221.jpg",
    "description": "",
    "order": 0
  }
},
{
  "model": "store.productimage",
  "pk": 222,
  "fields": {
    "product": 52,
    "image": "products/images/bandai_hg_model_kits_-_1_144_gquuuuuux_250117030549.webp",
    "cloudinary_url": "https://res.cloudinary.com/dlxghvxpf/image/upload/v1750581809/gundam_store/images/image_GQuuuuuuX_222.webp",
    "description": "",
    "order": 0
  }
},
{
  "model": "store.productimage",
  "pk": 223,
  "fields": {
    "product": 52,
    "image": "products/images/bandai_hg_model_kits_-_1_144_gquuuuuux_250117030550_1.webp",
    "cloudinary_url": "https://res.cloudinary.com/dlxghvxpf/image/upload/v1750581810/gundam_store/images/image_GQuuuuuuX_223.webp",
    "description": "",
    "order": 0
  }
},
{
  "model": "store.productimage",
  "pk": 224,
  "fields": {
    "product": 52,
    "image": "products/images/bandai_hg_model_kits_-_1_144_gquuuuuux_250117030550_2.webp",
    "cloudinary_url": "https://res.cloudinary.com/dlxghvxpf/image/upload/v1750581811/gundam_store/images/image_GQuuuuuuX_224.webp",
    "description": "",
    "order": 0
  }
},
{
  "model": "store.productimage",
  "pk": 225,
  "fields": {
    "product": 52,
    "image": "products/images/bandai_hg_model_kits_-_1_144_gquuuuuux_250117030550.webp",
    "cloudinary_url": "https://res.cloudinary.com/dlxghvxpf/image/upload/v1750581813/gundam_store/images/image_GQuuuuuuX_225.webp",
    "description": "",
    "order": 0
  }
},
{
  "model": "store.productimage",
  "pk": 226,
  "fields": {
    "product": 52,
    "image": "products/images/bandai_hg_model_kits_-_1_144_gquuuuuux_250117030551_1.webp",
    "cloudinary_url": "https://res.cloudinary.com/dlxghvxpf/image/upload/v1750581814/gundam_store/images/image_GQuuuuuuX_226.webp",
    "description": "",
    "order": 0
  }
},
{
  "model": "store.productimage",
  "pk": 227,
  "fields": {
    "product": 52,
    "image": "products/images/bandai_hg_model_kits_-_1_144_gquuuuuux_250117030551.webp",
    "cloudinary_url": "https://res.cloudinary.com/dlxghvxpf/image/upload/v1750581815/gundam_store/images/image_GQuuuuuuX_227.webp",
    "description": "",
    "order": 0
  }
},
{
  "model": "store.productimage",
  "pk": 228,
  "fields": {
    "product": 52,
    "image": "products/images/bandai_hg_model_kits_-_1_144_gquuuuuux_250117030552_1.webp",
    "cloudinary_url": "https://res.cloudinary.com/dlxghvxpf/image/upload/v1750581817/gundam_store/images/image_GQuuuuuuX_228.webp",
    "description": "",
    "order": 0
  }
},
{
  "model": "store.productimage",
  "pk": 229,
  "fields": {
    "product": 52,
    "image": "products/images/bandai_hg_model_kits_-_1_144_gquuuuuux_250117030552.webp",
    "cloudinary_url": "https://res.cloudinary.com/dlxghvxpf/image/upload/v1750581818/gundam_store/images/image_GQuuuuuuX_229.webp",
    "description": "",
    "order": 0
  }
},
{
  "model": "store.productimage",
  "pk": 230,
  "fields": {
    "product": 52,
    "image": "products/images/bandai_hg_model_kits_-_1_144_gquuuuuux_250117030553.webp",
    "cloudinary_url": "https://res.cloudinary.com/dlxghvxpf/image/upload/v1750581819/gundam_store/images/image_GQuuuuuuX_230.webp",
    "description": "",
    "order": 0
  }
},
{
  "model": "store.productimage",
  "pk": 231,
  "fields": {
    "product": 53,
    "image": "products/images/bandai_hg_model_kits_-_1_144_red_gundam_250225092905_1.webp",
    "cloudinary_url": "https://res.cloudinary.com/dlxghvxpf/image/upload/v1750581821/gundam_store/images/image_RED%20GUNDAM_231.webp",
    "description": "",
    "order": 0
  }
},
{
  "model": "store.productimage",
  "pk": 232,
  "fields": {
    "product": 53,
    "image": "products/images/bandai_hg_model_kits_-_1_144_red_gundam_250225092905_2.webp",
    "cloudinary_url": "https://res.cloudinary.com/dlxghvxpf/image/upload/v1750581822/gundam_store/images/image_RED%20GUNDAM_232.webp",
    "description": "",
    "order": 0
  }
},
{
  "model": "store.productimage",
  "pk": 233,
  "fields": {
    "product": 53,
    "image": "products/images/bandai_hg_model_kits_-_1_144_red_gundam_250225092905.webp",
    "cloudinary_url": "https://res.cloudinary.com/dlxghvxpf/image/upload/v1750581823/gundam_store/images/image_RED%20GUNDAM_233.webp",
    "description": "",
    "order": 0
  }
},
{
  "model": "store.productimage",
  "pk": 234,
  "fields": {
    "product": 53,
    "image": "products/images/bandai_hg_model_kits_-_1_144_red_gundam_250225092906_1.webp",
    "cloudinary_url": "https://res.cloudinary.com/dlxghvxpf/image/upload/v1750581824/gundam_store/images/image_RED%20GUNDAM_234.webp",
    "description": "",
    "order": 0
  }
},
{
  "model": "store.productimage",
  "pk": 235,
  "fields": {
    "product": 53,
    "image": "products/images/bandai_hg_model_kits_-_1_144_red_gundam_250225092906.webp",
    "cloudinary_url": "https://res.cloudinary.com/dlxghvxpf/image/upload/v1750581825/gundam_store/images/image_RED%20GUNDAM_235.webp",
    "description": "",
    "order": 0
  }
},
{
  "model": "store.productimage",
  "pk": 236,
  "fields": {
    "product": 53,
    "image": "products/images/bandai_hg_model_kits_-_1_144_red_gundam_mobile_suit_gundam_gquuuuuux__2_3YsHRTB.webp",
    "cloudinary_url": "https://res.cloudinary.com/dlxghvxpf/image/upload/v1750581826/gundam_store/images/image_RED%20GUNDAM_236.webp",
    "description": "",
    "order": 0
  }
},
{
  "model": "store.productimage",
  "pk": 237,
  "fields": {
    "product": 53,
    "image": "products/images/bandai_hg_model_kits_-_1_144_red_gundam_mobile_suit_gundam_gquuuuuux__2_Mt5wqm7.webp",
    "cloudinary_url": "https://res.cloudinary.com/dlxghvxpf/image/upload/v1750581828/gundam_store/images/image_RED%20GUNDAM_237.webp",
    "description": "",
    "order": 0
  }
},
{
  "model": "store.productimage",
  "pk": 238,
  "fields": {
    "product": 53,
    "image": "products/images/bandai_hg_model_kits_-_1_144_red_gundam_mobile_suit_gundam_gquuuuuux__2_t9QIdC9.webp",
    "cloudinary_url": "https://res.cloudinary.com/dlxghvxpf/image/upload/v1750581829/gundam_store/images/image_RED%20GUNDAM_238.webp",
    "description": "",
    "order": 0
  }
},
{
  "model": "store.productimage",
  "pk": 239,
  "fields": {
    "product": 53,
    "image": "products/images/bandai_hg_model_kits_-_1_144_red_gundam_mobile_suit_gundam_gquuuuuux__2_2wtqkOJ.webp",
    "cloudinary_url": "https://res.cloudinary.com/dlxghvxpf/image/upload/v1750581830/gundam_store/images/image_RED%20GUNDAM_239.webp",
    "description": "",
    "order": 0
  }
},
{
  "model": "store.productimage",
  "pk": 240,
  "fields": {
    "product": 53,
    "image": "products/images/bandai_hg_model_kits_-_1_144_red_gundam_mobile_suit_gundam_gquuuuuux__2_8vmeyKU.webp",
    "cloudinary_url": "https://res.cloudinary.com/dlxghvxpf/image/upload/v1750581832/gundam_store/images/image_RED%20GUNDAM_240.webp",
    "description": "",
    "order": 0
  }
},
{
  "model": "store.productimage",
  "pk": 241,
  "fields": {
    "product": 53,
    "image": "products/images/bandai_hg_model_kits_-_1_144_red_gundam_mobile_suit_gundam_gquuuuuux__2_864MtIC.webp",
    "cloudinary_url": "https://res.cloudinary.com/dlxghvxpf/image/upload/v1750581833/gundam_store/images/image_RED%20GUNDAM_241.webp",
    "description": "",
    "order": 0
  }
},
{
  "model": "store.productimage",
  "pk": 242,
  "fields": {
    "product": 53,
    "image": "products/images/bandai_hg_model_kits_-_1_144_red_gundam_mobile_suit_gundam_gquuuuuux__2_pL5IruE.webp",
    "cloudinary_url": "https://res.cloudinary.com/dlxghvxpf/image/upload/v1750581834/gundam_store/images/image_RED%20GUNDAM_242.webp",
    "description": "",
    "order": 0
  }
},
{
  "model": "store.productimage",
  "pk": 243,
  "fields": {
    "product": 54,
    "image": "products/images/1.webp",
    "cloudinary_url": "https://res.cloudinary.com/dlxghvxpf/image/upload/v1750581835/gundam_store/images/image_Assault%20Free%20Gundam%20Full%20Firepower%20Mode_243.webp",
    "description": "",
    "order": 0
  }
},
{
  "model": "store.productimage",
  "pk": 244,
  "fields": {
    "product": 54,
    "image": "products/images/2.webp",
    "cloudinary_url": "https://res.cloudinary.com/dlxghvxpf/image/upload/v1750581836/gundam_store/images/image_Assault%20Free%20Gundam%20Full%20Firepower%20Mode_244.webp",
    "description": "",
    "order": 0
  }
},
{
  "model": "store.productimage",
  "pk": 245,
  "fields": {
    "product": 54,
    "image": "products/images/3.webp",
    "cloudinary_url": "https://res.cloudinary.com/dlxghvxpf/image/upload/v1750581838/gundam_store/images/image_Assault%20Free%20Gundam%20Full%20Firepower%20Mode_245.webp",
    "description": "",
    "order": 0
  }
},
{
  "model": "store.productimage",
  "pk": 246,
  "fields": {
    "product": 54,
    "image": "products/images/4.webp",
    "cloudinary_url": "https://res.cloudinary.com/dlxghvxpf/image/upload/v1750581839/gundam_store/images/image_Assault%20Free%20Gundam%20Full%20Firepower%20Mode_246.webp",
    "description": "",
    "order": 0
  }
},
{
  "model": "store.productimage",
  "pk": 247,
  "fields": {
    "product": 54,
    "image": "products/images/5.webp",
    "cloudinary_url": "https://res.cloudinary.com/dlxghvxpf/image/upload/v1750581840/gundam_store/images/image_Assault%20Free%20Gundam%20Full%20Firepower%20Mode_247.webp",
    "description": "",
    "order": 0
  }
},
{
  "model": "store.productimage",
  "pk": 248,
  "fields": {
    "product": 55,
    "image": "products/images/bandai_mg_model_kits_-_1_100_shin_musha_gundam_sengoku_no_jin_241030072642_1.webp",
    "cloudinary_url": "https://res.cloudinary.com/dlxghvxpf/image/upload/v1750581841/gundam_store/images/image_%E7%9C%9F%E6%AD%A6%E8%80%85%E9%A0%91%E9%A7%84%E7%84%A1%20%E6%88%B0%E5%9C%8B%E4%B9%8B%E9%99%A3_248.webp",
    "description": "",
    "order": 0
  }
},
{
  "model": "store.productimage",
  "pk": 249,
  "fields": {
    "product": 55,
    "image": "products/images/bandai_mg_model_kits_-_1_100_shin_musha_gundam_sengoku_no_jin_241030072642.webp",
    "cloudinary_url": "https://res.cloudinary.com/dlxghvxpf/image/upload/v1750581842/gundam_store/images/image_%E7%9C%9F%E6%AD%A6%E8%80%85%E9%A0%91%E9%A7%84%E7%84%A1%20%E6%88%B0%E5%9C%8B%E4%B9%8B%E9%99%A3_249.webp",
    "description": "",
    "order": 0
  }
},
{
  "model": "store.cart",
  "pk": 1,
  "fields": {
    "user": null,
    "created_at": "2025-06-21T16:12:33.250Z",
    "session_key": "162mo3irys4y3j551qlvyp3ghhvvk91z"
  }
},
{
  "model": "store.cart",
  "pk": 2,
  "fields": {
    "user": null,
    "created_at": "2025-06-21T17:08:19.674Z",
    "session_key": "hnlcp0q04b37d4iwzi928fr0p36ij85p"
  }
},
{
  "model": "store.cart",
  "pk": 3,
  "fields": {
    "user": 1,
    "created_at": "2025-06-21T17:09:24.918Z",
    "session_key": "0029c4hiopk547d82yyscg7k284lf732"
  }
},
{
  "model": "store.cart",
  "pk": 4,
  "fields": {
    "user": 3,
    "created_at": "2025-06-22T02:56:42.712Z",
    "session_key": "63pro06egx29qmzkhbehzy7wzd74voj3"
  }
},
{
  "model": "store.cart",
  "pk": 5,
  "fields": {
    "user": 4,
    "created_at": "2025-06-22T03:08:36.830Z",
    "session_key": "tizqjmrkyzjfhip3zgtdycegukyhkfcg"
  }
},
{
  "model": "store.cart",
  "pk": 6,
  "fields": {
    "user": null,
    "created_at": "2025-06-22T04:58:27.110Z",
    "session_key": "hibhtpwjub345bwpfb96f2yw0uxy5k5k"
  }
},
{
  "model": "store.cart",
  "pk": 7,
  "fields": {
    "user": 5,
    "created_at": "2025-06-22T05:29:58.088Z",
    "session_key": "6dx47h5iqpmqt20fka186y47i8x3nplk"
  }
},
{
  "model": "store.cart",
  "pk": 8,
  "fields": {
    "user": 6,
    "created_at": "2025-06-22T05:51:25.946Z",
    "session_key": "linqjx6d5q8qdaixpdn11860nea35kcu"
  }
},
{
  "model": "store.cart",
  "pk": 9,
  "fields": {
    "user": 7,
    "created_at": "2025-06-22T05:56:16.742Z",
    "session_key": "b27yvpclerw1hgfpuzdi05x297td5dnu"
  }
},
{
  "model": "store.cartitem",
  "pk": 18,
  "fields": {
    "cart": 4,
    "product": 48,
    "quantity": 1
  }
},
{
  "model": "store.order",
  "pk": 1,
  "fields": {
    "user": 1,
    "created_at": "2025-06-21T19:47:28.674Z",
    "status": "pending",
    "shipping_address": "王子大廈801",
    "total_price": "1420.00",
    "session_key": "0029c4hiopk547d82yyscg7k284lf732"
  }
},
{
  "model": "store.order",
  "pk": 2,
  "fields": {
    "user": 1,
    "created_at": "2025-06-21T19:48:50.006Z",
    "status": "pending",
    "shipping_address": "王子大廈801",
    "total_price": "3540.00",
    "session_key": "0029c4hiopk547d82yyscg7k284lf732"
  }
},
{
  "model": "store.order",
  "pk": 3,
  "fields": {
    "user": 1,
    "created_at": "2025-06-21T19:59:28.347Z",
    "status": "pending",
    "shipping_address": "王子大廈801",
    "total_price": "680.00",
    "session_key": "0029c4hiopk547d82yyscg7k284lf732"
  }
},
{
  "model": "store.order",
  "pk": 4,
  "fields": {
    "user": 1,
    "created_at": "2025-06-21T20:01:21.706Z",
    "status": "pending",
    "shipping_address": "王子大廈801",
    "total_price": "3350.00",
    "session_key": "0029c4hiopk547d82yyscg7k284lf732"
  }
},
{
  "model": "store.order",
  "pk": 5,
  "fields": {
    "user": 1,
    "created_at": "2025-06-21T20:16:16.259Z",
    "status": "pending",
    "shipping_address": "王子大廈801",
    "total_price": "450.00",
    "session_key": "0029c4hiopk547d82yyscg7k284lf732"
  }
},
{
  "model": "store.order",
  "pk": 6,
  "fields": {
    "user": 1,
    "created_at": "2025-06-22T02:00:59.027Z",
    "status": "pending",
    "shipping_address": "王子大廈801",
    "total_price": "3100.00",
    "session_key": "0029c4hiopk547d82yyscg7k284lf732"
  }
},
{
  "model": "store.order",
  "pk": 7,
  "fields": {
    "user": 3,
    "created_at": "2025-06-22T02:58:59.509Z",
    "status": "pending",
    "shipping_address": "王子大廈801",
    "total_price": "1940.00",
    "session_key": "63pro06egx29qmzkhbehzy7wzd74voj3"
  }
},
{
  "model": "store.order",
  "pk": 8,
  "fields": {
    "user": 4,
    "created_at": "2025-06-22T03:26:58.162Z",
    "status": "pending",
    "shipping_address": "Street:  New Tech Plaza\r\nCity:   San Po Kong",
    "total_price": "425.00",
    "session_key": "tizqjmrkyzjfhip3zgtdycegukyhkfcg"
  }
},
{
  "model": "store.order",
  "pk": 9,
  "fields": {
    "user": 4,
    "created_at": "2025-06-22T03:27:33.800Z",
    "status": "pending",
    "shipping_address": "Street:  New Tech Plaza\r\nCity:   San Po Kong",
    "total_price": "850.00",
    "session_key": "tizqjmrkyzjfhip3zgtdycegukyhkfcg"
  }
},
{
  "model": "store.order",
  "pk": 10,
  "fields": {
    "user": 1,
    "created_at": "2025-06-22T04:18:17.517Z",
    "status": "pending",
    "shipping_address": "彩雲村",
    "total_price": "945.00",
    "session_key": "pz569va9y3jr4j7fdj3zipgzo2j65hg1"
  }
},
{
  "model": "store.order",
  "pk": 11,
  "fields": {
    "user": 5,
    "created_at": "2025-06-22T05:45:14.695Z",
    "status": "pending",
    "shipping_address": "Street:  Ind Centre\r\nCity:   Tuen Mun District",
    "total_price": "850.00",
    "session_key": "6dx47h5iqpmqt20fka186y47i8x3nplk"
  }
},
{
  "model": "store.order",
  "pk": 12,
  "fields": {
    "user": 5,
    "created_at": "2025-06-22T05:45:42.616Z",
    "status": "pending",
    "shipping_address": "Street:  Ind Centre\r\nCity:   Tuen Mun District",
    "total_price": "650.00",
    "session_key": "6dx47h5iqpmqt20fka186y47i8x3nplk"
  }
},
{
  "model": "store.order",
  "pk": 13,
  "fields": {
    "user": 6,
    "created_at": "2025-06-22T05:51:30.083Z",
    "status": "pending",
    "shipping_address": "SIDE 6",
    "total_price": "495.00",
    "session_key": "linqjx6d5q8qdaixpdn11860nea35kcu"
  }
},
{
  "model": "store.order",
  "pk": 14,
  "fields": {
    "user": 7,
    "created_at": "2025-06-22T05:56:27.088Z",
    "status": "pending",
    "shipping_address": "自護公國",
    "total_price": "990.00",
    "session_key": "b27yvpclerw1hgfpuzdi05x297td5dnu"
  }
},
{
  "model": "store.orderitem",
  "pk": 1,
  "fields": {
    "order": 1,
    "product": 12,
    "quantity": 1,
    "price": "495.00"
  }
},
{
  "model": "store.orderitem",
  "pk": 2,
  "fields": {
    "order": 1,
    "product": 24,
    "quantity": 1,
    "price": "500.00"
  }
},
{
  "model": "store.orderitem",
  "pk": 3,
  "fields": {
    "order": 1,
    "product": 50,
    "quantity": 1,
    "price": "425.00"
  }
},
{
  "model": "store.orderitem",
  "pk": 4,
  "fields": {
    "order": 2,
    "product": 12,
    "quantity": 2,
    "price": "495.00"
  }
},
{
  "model": "store.orderitem",
  "pk": 5,
  "fields": {
    "order": 2,
    "product": 15,
    "quantity": 3,
    "price": "850.00"
  }
},
{
  "model": "store.orderitem",
  "pk": 6,
  "fields": {
    "order": 3,
    "product": 50,
    "quantity": 1,
    "price": "425.00"
  }
},
{
  "model": "store.orderitem",
  "pk": 7,
  "fields": {
    "order": 3,
    "product": 35,
    "quantity": 1,
    "price": "255.00"
  }
},
{
  "model": "store.orderitem",
  "pk": 8,
  "fields": {
    "order": 4,
    "product": 13,
    "quantity": 1,
    "price": "350.00"
  }
},
{
  "model": "store.orderitem",
  "pk": 9,
  "fields": {
    "order": 4,
    "product": 36,
    "quantity": 2,
    "price": "1500.00"
  }
},
{
  "model": "store.orderitem",
  "pk": 10,
  "fields": {
    "order": 5,
    "product": 25,
    "quantity": 1,
    "price": "300.00"
  }
},
{
  "model": "store.orderitem",
  "pk": 11,
  "fields": {
    "order": 5,
    "product": 46,
    "quantity": 1,
    "price": "150.00"
  }
},
{
  "model": "store.orderitem",
  "pk": 12,
  "fields": {
    "order": 6,
    "product": 15,
    "quantity": 1,
    "price": "850.00"
  }
},
{
  "model": "store.orderitem",
  "pk": 13,
  "fields": {
    "order": 6,
    "product": 47,
    "quantity": 1,
    "price": "2250.00"
  }
},
{
  "model": "store.orderitem",
  "pk": 14,
  "fields": {
    "order": 7,
    "product": 35,
    "quantity": 1,
    "price": "255.00"
  }
},
{
  "model": "store.orderitem",
  "pk": 15,
  "fields": {
    "order": 7,
    "product": 12,
    "quantity": 1,
    "price": "495.00"
  }
},
{
  "model": "store.orderitem",
  "pk": 16,
  "fields": {
    "order": 7,
    "product": 40,
    "quantity": 2,
    "price": "495.00"
  }
},
{
  "model": "store.orderitem",
  "pk": 17,
  "fields": {
    "order": 7,
    "product": 39,
    "quantity": 1,
    "price": "200.00"
  }
},
{
  "model": "store.orderitem",
  "pk": 18,
  "fields": {
    "order": 8,
    "product": 50,
    "quantity": 1,
    "price": "425.00"
  }
},
{
  "model": "store.orderitem",
  "pk": 19,
  "fields": {
    "order": 9,
    "product": 48,
    "quantity": 1,
    "price": "200.00"
  }
},
{
  "model": "store.orderitem",
  "pk": 20,
  "fields": {
    "order": 9,
    "product": 49,
    "quantity": 1,
    "price": "650.00"
  }
},
{
  "model": "store.orderitem",
  "pk": 21,
  "fields": {
    "order": 10,
    "product": 40,
    "quantity": 1,
    "price": "495.00"
  }
},
{
  "model": "store.orderitem",
  "pk": 22,
  "fields": {
    "order": 10,
    "product": 22,
    "quantity": 1,
    "price": "450.00"
  }
},
{
  "model": "store.orderitem",
  "pk": 23,
  "fields": {
    "order": 11,
    "product": 43,
    "quantity": 1,
    "price": "170.00"
  }
},
{
  "model": "store.orderitem",
  "pk": 24,
  "fields": {
    "order": 11,
    "product": 35,
    "quantity": 1,
    "price": "255.00"
  }
},
{
  "model": "store.orderitem",
  "pk": 25,
  "fields": {
    "order": 11,
    "product": 50,
    "quantity": 1,
    "price": "425.00"
  }
},
{
  "model": "store.orderitem",
  "pk": 26,
  "fields": {
    "order": 12,
    "product": 49,
    "quantity": 1,
    "price": "650.00"
  }
},
{
  "model": "store.orderitem",
  "pk": 27,
  "fields": {
    "order": 13,
    "product": 40,
    "quantity": 1,
    "price": "495.00"
  }
},
{
  "model": "store.orderitem",
  "pk": 28,
  "fields": {
    "order": 14,
    "product": 12,
    "quantity": 1,
    "price": "495.00"
  }
},
{
  "model": "store.orderitem",
  "pk": 29,
  "fields": {
    "order": 14,
    "product": 40,
    "quantity": 1,
    "price": "495.00"
  }
},
{
  "model": "accounts.userprofile",
  "pk": 1,
  "fields": {
    "user": 1,
    "avatar": "image/upload/v1750525742/cqnmbdkvceyfrntc8rnt.jpg",
    "address": "彩雲村"
  }
},
{
  "model": "accounts.userprofile",
  "pk": 2,
  "fields": {
    "user": 2,
    "avatar": "image/upload/v1750559084/bccxt6si1cqndxn3u0in.png",
    "address": "8楼B室, 国际金融中心, 71号杯渡路, 屯门, 香港"
  }
},
{
  "model": "accounts.userprofile",
  "pk": 3,
  "fields": {
    "user": 3,
    "avatar": "image/upload/v1750561093/m41km1ovj6hdrlgqn2ac.png",
    "address": "自護公國"
  }
},
{
  "model": "accounts.userprofile",
  "pk": 4,
  "fields": {
    "user": 4,
    "avatar": "image/upload/v1750561691/hpsvodlsqs0qou0ot0es.png",
    "address": "Street:  New Tech Plaza\r\nCity:   San Po Kong"
  }
},
{
  "model": "accounts.userprofile",
  "pk": 5,
  "fields": {
    "user": 5,
    "avatar": "image/upload/v1750569659/z3ef6ubobf9vh886upp4.png",
    "address": "Street:  Ind Centre\r\nCity:   Tuen Mun District"
  }
},
{
  "model": "accounts.userprofile",
  "pk": 6,
  "fields": {
    "user": 6,
    "avatar": "image/upload/v1750571476/enxqiuc56ylmvdqtdnxv.png",
    "address": "SIDE 6"
  }
},
{
  "model": "accounts.userprofile",
  "pk": 7,
  "fields": {
    "user": 7,
    "avatar": "image/upload/v1750571768/nmngxxjjabizmrpwvoct.png",
    "address": "自護公國"
  }
}
]
