[
{
  "model": "store.product",
  "pk": 12,
  "fields": {
    "name": "Aegis",
    "description": "",
    "price": "1.00",
    "discount_price": null,
    "stock": 1,
    "category": 5,
    "scale": "",
    "created_at": "2025-06-12T03:07:40.385Z",
    "cover_image": "products/covers/gags_c_bqsbRpY.jpg",
    "cloudinary_url": ""
  }
},
{
  "model": "store.product",
  "pk": 13,
  "fields": {
    "name": "Ball",
    "description": "",
    "price": "1.00",
    "discount_price": null,
    "stock": 1,
    "category": 9,
    "scale": "",
    "created_at": "2025-06-12T03:12:16.071Z",
    "cover_image": "products/covers/b_c.jpg",
    "cloudinary_url": ""
  }
},
{
  "model": "store.product",
  "pk": 14,
  "fields": {
    "name": "Banshee",
    "description": "",
    "price": "1.00",
    "discount_price": null,
    "stock": 1,
    "category": 11,
    "scale": "",
    "created_at": "2025-06-12T03:16:17.280Z",
    "cover_image": "products/covers/bsg_c.jpg",
    "cloudinary_url": ""
  }
},
{
  "model": "store.product",
  "pk": 15,
  "fields": {
    "name": "Big Zam",
    "description": "",
    "price": "1.00",
    "discount_price": null,
    "stock": 1,
    "category": 9,
    "scale": "",
    "created_at": "2025-06-12T03:21:59.031Z",
    "cover_image": "products/covers/bz_c.jpg",
    "cloudinary_url": ""
  }
},
{
  "model": "store.product",
  "pk": 16,
  "fields": {
    "name": "Blue Destiny Unit 3",
    "description": "",
    "price": "1.00",
    "discount_price": null,
    "stock": 1,
    "category": 13,
    "scale": "",
    "created_at": "2025-06-12T03:27:59.305Z",
    "cover_image": "products/covers/bdu3_c.jpg",
    "cloudinary_url": ""
  }
},
{
  "model": "store.product",
  "pk": 17,
  "fields": {
    "name": "Char's Zaku II",
    "description": "",
    "price": "1.00",
    "discount_price": null,
    "stock": 1,
    "category": 8,
    "scale": "",
    "created_at": "2025-06-12T03:32:22.073Z",
    "cover_image": "products/covers/rzaku2_c.jpg",
    "cloudinary_url": ""
  }
},
{
  "model": "store.product",
  "pk": 18,
  "fields": {
    "name": "God Gundam",
    "description": "",
    "price": "1.00",
    "discount_price": null,
    "stock": 1,
    "category": 12,
    "scale": "",
    "created_at": "2025-06-12T03:37:15.342Z",
    "cover_image": "products/covers/bg_c.jpg",
    "cloudinary_url": ""
  }
},
{
  "model": "store.product",
  "pk": 19,
  "fields": {
    "name": "Gundam Deathscythe Hell",
    "description": "",
    "price": "1.00",
    "discount_price": null,
    "stock": 1,
    "category": 10,
    "scale": "",
    "created_at": "2025-06-12T03:40:34.386Z",
    "cover_image": "products/covers/gdh_c.jpg",
    "cloudinary_url": ""
  }
},
{
  "model": "store.product",
  "pk": 20,
  "fields": {
    "name": "Destiny Gundam",
    "description": "",
    "price": "1.00",
    "discount_price": null,
    "stock": 1,
    "category": 5,
    "scale": "",
    "created_at": "2025-06-12T03:42:37.884Z",
    "cover_image": "products/covers/gd_c.jpg",
    "cloudinary_url": ""
  }
},
{
  "model": "store.product",
  "pk": 21,
  "fields": {
    "name": "Epyon Gundam",
    "description": "",
    "price": "1.00",
    "discount_price": null,
    "stock": 1,
    "category": 10,
    "scale": "",
    "created_at": "2025-06-12T03:47:13.604Z",
    "cover_image": "products/covers/eg_c.jpg",
    "cloudinary_url": ""
  }
},
{
  "model": "store.product",
  "pk": 22,
  "fields": {
    "name": "GalBaldy",
    "description": "",
    "price": "1.00",
    "discount_price": null,
    "stock": 1,
    "category": 6,
    "scale": "",
    "created_at": "2025-06-12T03:50:53.569Z",
    "cover_image": "products/covers/gal_c.jpg",
    "cloudinary_url": ""
  }
},
{
  "model": "store.product",
  "pk": 23,
  "fields": {
    "name": "GM Sniper II",
    "description": "",
    "price": "1.00",
    "discount_price": null,
    "stock": 1,
    "category": 9,
    "scale": "",
    "created_at": "2025-06-12T03:57:58.162Z",
    "cover_image": "products/covers/spgm_c.jpg",
    "cloudinary_url": ""
  }
},
{
  "model": "store.product",
  "pk": 24,
  "fields": {
    "name": "Gouf",
    "description": "",
    "price": "1.00",
    "discount_price": null,
    "stock": 1,
    "category": 9,
    "scale": "",
    "created_at": "2025-06-12T04:00:29.312Z",
    "cover_image": "products/covers/gf_c.jpg",
    "cloudinary_url": ""
  }
},
{
  "model": "store.product",
  "pk": 25,
  "fields": {
    "name": "Gouf Flight Type",
    "description": "",
    "price": "1.00",
    "discount_price": null,
    "stock": 1,
    "category": 9,
    "scale": "",
    "created_at": "2025-06-12T04:04:01.810Z",
    "cover_image": "products/covers/gft_c.jpg",
    "cloudinary_url": ""
  }
},
{
  "model": "store.product",
  "pk": 26,
  "fields": {
    "name": "Hyaku Shiki",
    "description": "",
    "price": "1.00",
    "discount_price": null,
    "stock": 1,
    "category": 6,
    "scale": "",
    "created_at": "2025-06-12T04:10:42.046Z",
    "cover_image": "products/covers/hk_c.jpg",
    "cloudinary_url": ""
  }
},
{
  "model": "store.product",
  "pk": 27,
  "fields": {
    "name": "GP01-Fb",
    "description": "",
    "price": "1.00",
    "discount_price": null,
    "stock": 1,
    "category": 9,
    "scale": "",
    "created_at": "2025-06-12T04:16:18.972Z",
    "cover_image": "products/covers/gp01fb_c_078nHoh.jpg",
    "cloudinary_url": ""
  }
},
{
  "model": "store.product",
  "pk": 28,
  "fields": {
    "name": "GP02A",
    "description": "",
    "price": "1.00",
    "discount_price": null,
    "stock": 1,
    "category": 9,
    "scale": "",
    "created_at": "2025-06-12T04:17:35.685Z",
    "cover_image": "products/covers/gp2_c.jpg",
    "cloudinary_url": ""
  }
},
{
  "model": "store.product",
  "pk": 29,
  "fields": {
    "name": "Gundam",
    "description": "",
    "price": "1.00",
    "discount_price": null,
    "stock": 1,
    "category": 9,
    "scale": "",
    "created_at": "2025-06-12T04:24:24.808Z",
    "cover_image": "products/covers/og_c.jpg",
    "cloudinary_url": ""
  }
},
{
  "model": "store.product",
  "pk": 30,
  "fields": {
    "name": "Hi Zaku",
    "description": "",
    "price": "1.00",
    "discount_price": null,
    "stock": 1,
    "category": 9,
    "scale": "",
    "created_at": "2025-06-12T04:28:30.687Z",
    "cover_image": "products/covers/hz_c.jpg",
    "cloudinary_url": ""
  }
},
{
  "model": "store.product",
  "pk": 31,
  "fields": {
    "name": "Hi-v",
    "description": "",
    "price": "1.00",
    "discount_price": null,
    "stock": 1,
    "category": 9,
    "scale": "",
    "created_at": "2025-06-12T04:31:40.848Z",
    "cover_image": "products/covers/hng_c.jpg",
    "cloudinary_url": ""
  }
},
{
  "model": "store.product",
  "pk": 32,
  "fields": {
    "name": "Hyatt Shiki Kai",
    "description": "",
    "price": "1.00",
    "discount_price": null,
    "stock": 1,
    "category": 7,
    "scale": "",
    "created_at": "2025-06-12T04:41:43.172Z",
    "cover_image": "products/covers/hkfa_c.png",
    "cloudinary_url": ""
  }
},
{
  "model": "store.product",
  "pk": 33,
  "fields": {
    "name": "Justice Gundam",
    "description": "",
    "price": "1.00",
    "discount_price": null,
    "stock": 1,
    "category": 5,
    "scale": "",
    "created_at": "2025-06-12T06:03:48.704Z",
    "cover_image": "products/covers/gj_c.jpg",
    "cloudinary_url": ""
  }
},
{
  "model": "store.product",
  "pk": 34,
  "fields": {
    "name": "Leo",
    "description": "",
    "price": "1.00",
    "discount_price": null,
    "stock": 1,
    "category": 10,
    "scale": "",
    "created_at": "2025-06-12T06:05:03.441Z",
    "cover_image": "products/covers/leo_c.jpg",
    "cloudinary_url": ""
  }
},
{
  "model": "store.product",
  "pk": 35,
  "fields": {
    "name": "Master Gundam",
    "description": "",
    "price": "1.00",
    "discount_price": null,
    "stock": 1,
    "category": 12,
    "scale": "",
    "created_at": "2025-06-12T06:06:21.195Z",
    "cover_image": "products/covers/mg_c.jpg",
    "cloudinary_url": ""
  }
},
{
  "model": "store.product",
  "pk": 36,
  "fields": {
    "name": "Gundam Mk-II",
    "description": "",
    "price": "1.00",
    "discount_price": null,
    "stock": 1,
    "category": 8,
    "scale": "",
    "created_at": "2025-06-12T06:08:06.740Z",
    "cover_image": "products/covers/gmk2_c.jpg",
    "cloudinary_url": ""
  }
},
{
  "model": "store.product",
  "pk": 37,
  "fields": {
    "name": "Gundam Mk-Ii (Titans)",
    "description": "",
    "price": "1.00",
    "discount_price": null,
    "stock": 1,
    "category": 6,
    "scale": "",
    "created_at": "2025-06-12T06:10:01.083Z",
    "cover_image": "products/covers/mk2t_c.jpg",
    "cloudinary_url": ""
  }
},
{
  "model": "store.product",
  "pk": 38,
  "fields": {
    "name": "Prototype ZZ Gundam",
    "description": "",
    "price": "1.00",
    "discount_price": null,
    "stock": 1,
    "category": 7,
    "scale": "",
    "created_at": "2025-06-12T06:12:37.032Z",
    "cover_image": "products/covers/zz_c.jpg",
    "cloudinary_url": ""
  }
},
{
  "model": "store.product",
  "pk": 39,
  "fields": {
    "name": "Rick Dias",
    "description": "",
    "price": "1.00",
    "discount_price": null,
    "stock": 1,
    "category": 8,
    "scale": "",
    "created_at": "2025-06-12T06:27:07.502Z",
    "cover_image": "products/covers/rds_c.jpg",
    "cloudinary_url": ""
  }
},
{
  "model": "store.product",
  "pk": 40,
  "fields": {
    "name": "Sazabi",
    "description": "",
    "price": "1.00",
    "discount_price": null,
    "stock": 1,
    "category": 8,
    "scale": "",
    "created_at": "2025-06-12T06:28:42.175Z",
    "cover_image": "products/covers/szb_c.jpg",
    "cloudinary_url": ""
  }
},
{
  "model": "store.product",
  "pk": 41,
  "fields": {
    "name": "Shenlong Gundam",
    "description": "",
    "price": "1.00",
    "discount_price": null,
    "stock": 1,
    "category": 10,
    "scale": "",
    "created_at": "2025-06-12T06:30:55.453Z",
    "cover_image": "products/covers/sl_c.jpg",
    "cloudinary_url": ""
  }
},
{
  "model": "store.product",
  "pk": 42,
  "fields": {
    "name": "Shining Gundam",
    "description": "",
    "price": "1.00",
    "discount_price": null,
    "stock": 1,
    "category": 12,
    "scale": "",
    "created_at": "2025-06-12T06:37:41.137Z",
    "cover_image": "products/covers/shin_c.jpg",
    "cloudinary_url": ""
  }
},
{
  "model": "store.product",
  "pk": 43,
  "fields": {
    "name": "Strike Gundam",
    "description": "",
    "price": "1.00",
    "discount_price": null,
    "stock": 1,
    "category": 5,
    "scale": "",
    "created_at": "2025-06-12T06:42:28.579Z",
    "cover_image": "products/covers/sg_c.jpg",
    "cloudinary_url": ""
  }
},
{
  "model": "store.product",
  "pk": 44,
  "fields": {
    "name": "Strike Freedom Gundam",
    "description": "",
    "price": "1.00",
    "discount_price": null,
    "stock": 1,
    "category": 5,
    "scale": "",
    "created_at": "2025-06-12T06:43:56.692Z",
    "cover_image": "products/covers/gsf_c.jpg",
    "cloudinary_url": ""
  }
},
{
  "model": "store.product",
  "pk": 45,
  "fields": {
    "name": "Sword Impulse Gundam",
    "description": "",
    "price": "1.00",
    "discount_price": null,
    "stock": 1,
    "category": 5,
    "scale": "",
    "created_at": "2025-06-12T06:45:35.827Z",
    "cover_image": "products/covers/sig_c.jpg",
    "cloudinary_url": ""
  }
},
{
  "model": "store.product",
  "pk": 46,
  "fields": {
    "name": "Tallgeese II",
    "description": "",
    "price": "1.00",
    "discount_price": null,
    "stock": 1,
    "category": 10,
    "scale": "",
    "created_at": "2025-06-12T06:48:25.387Z",
    "cover_image": "products/covers/tgs2_c.jpg",
    "cloudinary_url": ""
  }
},
{
  "model": "store.product",
  "pk": 47,
  "fields": {
    "name": "Unicorn Gundam",
    "description": "",
    "price": "1.00",
    "discount_price": null,
    "stock": 1,
    "category": 11,
    "scale": "",
    "created_at": "2025-06-12T06:50:10.856Z",
    "cover_image": "products/covers/ug_c.jpg",
    "cloudinary_url": ""
  }
},
{
  "model": "store.product",
  "pk": 48,
  "fields": {
    "name": "v Gundam",
    "description": "",
    "price": "1.00",
    "discount_price": null,
    "stock": 1,
    "category": 8,
    "scale": "",
    "created_at": "2025-06-12T06:52:00.949Z",
    "cover_image": "products/covers/v_c.jpg",
    "cloudinary_url": ""
  }
},
{
  "model": "store.product",
  "pk": 49,
  "fields": {
    "name": "Wing Zero Gundam",
    "description": "",
    "price": "1.00",
    "discount_price": null,
    "stock": 1,
    "category": 10,
    "scale": "",
    "created_at": "2025-06-12T06:57:23.134Z",
    "cover_image": "products/covers/w0_c.jpg",
    "cloudinary_url": ""
  }
},
{
  "model": "store.product",
  "pk": 50,
  "fields": {
    "name": "Z'Gok",
    "description": "",
    "price": "1.00",
    "discount_price": null,
    "stock": 1,
    "category": 9,
    "scale": "",
    "created_at": "2025-06-12T07:00:56.511Z",
    "cover_image": "products/covers/cb_c.jpg",
    "cloudinary_url": ""
  }
},
{
  "model": "store.product",
  "pk": 51,
  "fields": {
    "name": "Zeta Gundam",
    "description": "",
    "price": "1.00",
    "discount_price": null,
    "stock": 1,
    "category": 6,
    "scale": "",
    "created_at": "2025-06-12T07:05:35.275Z",
    "cover_image": "products/covers/zg_c.jpg",
    "cloudinary_url": ""
  }
},
{
  "model": "store.productimage",
  "pk": 46,
  "fields": {
    "product": 12,
    "image": "products/images/gags_01_KRIdSBe.jpg",
    "cloudinary_url": "",
    "description": "",
    "order": 0
  }
},
{
  "model": "store.productimage",
  "pk": 47,
  "fields": {
    "product": 13,
    "image": "products/images/b_01.jpg",
    "cloudinary_url": "",
    "description": "",
    "order": 0
  }
},
{
  "model": "store.productimage",
  "pk": 48,
  "fields": {
    "product": 13,
    "image": "products/images/b_02.jpg",
    "cloudinary_url": "",
    "description": "",
    "order": 0
  }
},
{
  "model": "store.productimage",
  "pk": 49,
  "fields": {
    "product": 13,
    "image": "products/images/b_03.jpg",
    "cloudinary_url": "",
    "description": "",
    "order": 0
  }
},
{
  "model": "store.productimage",
  "pk": 50,
  "fields": {
    "product": 14,
    "image": "products/images/bsg_01.jpg",
    "cloudinary_url": "",
    "description": "",
    "order": 0
  }
},
{
  "model": "store.productimage",
  "pk": 51,
  "fields": {
    "product": 14,
    "image": "products/images/bsg_02.jpg",
    "cloudinary_url": "",
    "description": "",
    "order": 0
  }
},
{
  "model": "store.productimage",
  "pk": 52,
  "fields": {
    "product": 14,
    "image": "products/images/bsg_03.jpg",
    "cloudinary_url": "",
    "description": "",
    "order": 0
  }
},
{
  "model": "store.productimage",
  "pk": 53,
  "fields": {
    "product": 14,
    "image": "products/images/bsg_04.jpg",
    "cloudinary_url": "",
    "description": "",
    "order": 0
  }
},
{
  "model": "store.productimage",
  "pk": 54,
  "fields": {
    "product": 15,
    "image": "products/images/bz_0.jpg",
    "cloudinary_url": "",
    "description": "",
    "order": 0
  }
},
{
  "model": "store.productimage",
  "pk": 55,
  "fields": {
    "product": 15,
    "image": "products/images/bz_02.jpg",
    "cloudinary_url": "",
    "description": "",
    "order": 0
  }
},
{
  "model": "store.productimage",
  "pk": 56,
  "fields": {
    "product": 15,
    "image": "products/images/bz_03.jpg",
    "cloudinary_url": "",
    "description": "",
    "order": 0
  }
},
{
  "model": "store.productimage",
  "pk": 57,
  "fields": {
    "product": 15,
    "image": "products/images/bz_04.jpg",
    "cloudinary_url": "",
    "description": "",
    "order": 0
  }
},
{
  "model": "store.productimage",
  "pk": 58,
  "fields": {
    "product": 16,
    "image": "products/images/bdu3_02.jpg",
    "cloudinary_url": "",
    "description": "",
    "order": 0
  }
},
{
  "model": "store.productimage",
  "pk": 59,
  "fields": {
    "product": 16,
    "image": "products/images/bdu3_03.jpg",
    "cloudinary_url": "",
    "description": "",
    "order": 0
  }
},
{
  "model": "store.productimage",
  "pk": 60,
  "fields": {
    "product": 16,
    "image": "products/images/bdu3_04.jpg",
    "cloudinary_url": "",
    "description": "",
    "order": 0
  }
},
{
  "model": "store.productimage",
  "pk": 61,
  "fields": {
    "product": 16,
    "image": "products/images/bdu3_05.jpg",
    "cloudinary_url": "",
    "description": "",
    "order": 0
  }
},
{
  "model": "store.productimage",
  "pk": 62,
  "fields": {
    "product": 17,
    "image": "products/images/rzaku2_01.jpg",
    "cloudinary_url": "",
    "description": "",
    "order": 0
  }
},
{
  "model": "store.productimage",
  "pk": 63,
  "fields": {
    "product": 17,
    "image": "products/images/rzaku2_02.jpg",
    "cloudinary_url": "",
    "description": "",
    "order": 0
  }
},
{
  "model": "store.productimage",
  "pk": 64,
  "fields": {
    "product": 17,
    "image": "products/images/rzaku2_03.jpg",
    "cloudinary_url": "",
    "description": "",
    "order": 0
  }
},
{
  "model": "store.productimage",
  "pk": 65,
  "fields": {
    "product": 17,
    "image": "products/images/rzaku2_04.jpg",
    "cloudinary_url": "",
    "description": "",
    "order": 0
  }
},
{
  "model": "store.productimage",
  "pk": 66,
  "fields": {
    "product": 17,
    "image": "products/images/rzaku2_05.jpg",
    "cloudinary_url": "",
    "description": "",
    "order": 0
  }
},
{
  "model": "store.productimage",
  "pk": 67,
  "fields": {
    "product": 18,
    "image": "products/images/bg_01.jpg",
    "cloudinary_url": "",
    "description": "",
    "order": 0
  }
},
{
  "model": "store.productimage",
  "pk": 68,
  "fields": {
    "product": 18,
    "image": "products/images/bg_02.jpg",
    "cloudinary_url": "",
    "description": "",
    "order": 0
  }
},
{
  "model": "store.productimage",
  "pk": 69,
  "fields": {
    "product": 18,
    "image": "products/images/bg_03.jpg",
    "cloudinary_url": "",
    "description": "",
    "order": 0
  }
},
{
  "model": "store.productimage",
  "pk": 70,
  "fields": {
    "product": 18,
    "image": "products/images/bg_04.jpg",
    "cloudinary_url": "",
    "description": "",
    "order": 0
  }
},
{
  "model": "store.productimage",
  "pk": 71,
  "fields": {
    "product": 19,
    "image": "products/images/gdh_01.jpg",
    "cloudinary_url": "",
    "description": "",
    "order": 0
  }
},
{
  "model": "store.productimage",
  "pk": 72,
  "fields": {
    "product": 19,
    "image": "products/images/gdh_02.jpg",
    "cloudinary_url": "",
    "description": "",
    "order": 0
  }
},
{
  "model": "store.productimage",
  "pk": 73,
  "fields": {
    "product": 19,
    "image": "products/images/gdh_03.jpg",
    "cloudinary_url": "",
    "description": "",
    "order": 0
  }
},
{
  "model": "store.productimage",
  "pk": 74,
  "fields": {
    "product": 20,
    "image": "products/images/gd_01.jpg",
    "cloudinary_url": "",
    "description": "",
    "order": 0
  }
},
{
  "model": "store.productimage",
  "pk": 75,
  "fields": {
    "product": 20,
    "image": "products/images/gd_02.jpg",
    "cloudinary_url": "",
    "description": "",
    "order": 0
  }
},
{
  "model": "store.productimage",
  "pk": 76,
  "fields": {
    "product": 20,
    "image": "products/images/gd_03.jpg",
    "cloudinary_url": "",
    "description": "",
    "order": 0
  }
},
{
  "model": "store.productimage",
  "pk": 77,
  "fields": {
    "product": 20,
    "image": "products/images/gd_04.jpg",
    "cloudinary_url": "",
    "description": "",
    "order": 0
  }
},
{
  "model": "store.productimage",
  "pk": 78,
  "fields": {
    "product": 20,
    "image": "products/images/gd_05.jpg",
    "cloudinary_url": "",
    "description": "",
    "order": 0
  }
},
{
  "model": "store.productimage",
  "pk": 79,
  "fields": {
    "product": 21,
    "image": "products/images/eg_01.jpg",
    "cloudinary_url": "",
    "description": "",
    "order": 0
  }
},
{
  "model": "store.productimage",
  "pk": 80,
  "fields": {
    "product": 21,
    "image": "products/images/eg_02.jpg",
    "cloudinary_url": "",
    "description": "",
    "order": 0
  }
},
{
  "model": "store.productimage",
  "pk": 81,
  "fields": {
    "product": 21,
    "image": "products/images/eg_03.jpg",
    "cloudinary_url": "",
    "description": "",
    "order": 0
  }
},
{
  "model": "store.productimage",
  "pk": 82,
  "fields": {
    "product": 21,
    "image": "products/images/eg_04.jpg",
    "cloudinary_url": "",
    "description": "",
    "order": 0
  }
},
{
  "model": "store.productimage",
  "pk": 83,
  "fields": {
    "product": 21,
    "image": "products/images/eg_05.jpg",
    "cloudinary_url": "",
    "description": "",
    "order": 0
  }
},
{
  "model": "store.productimage",
  "pk": 84,
  "fields": {
    "product": 22,
    "image": "products/images/gal_01.jpg",
    "cloudinary_url": "",
    "description": "",
    "order": 0
  }
},
{
  "model": "store.productimage",
  "pk": 85,
  "fields": {
    "product": 22,
    "image": "products/images/gal_02.jpg",
    "cloudinary_url": "",
    "description": "",
    "order": 0
  }
},
{
  "model": "store.productimage",
  "pk": 86,
  "fields": {
    "product": 22,
    "image": "products/images/gal_03.jpg",
    "cloudinary_url": "",
    "description": "",
    "order": 0
  }
},
{
  "model": "store.productimage",
  "pk": 87,
  "fields": {
    "product": 22,
    "image": "products/images/gal_04.jpg",
    "cloudinary_url": "",
    "description": "",
    "order": 0
  }
},
{
  "model": "store.productimage",
  "pk": 88,
  "fields": {
    "product": 23,
    "image": "products/images/spgm_01.jpg",
    "cloudinary_url": "",
    "description": "",
    "order": 0
  }
},
{
  "model": "store.productimage",
  "pk": 89,
  "fields": {
    "product": 23,
    "image": "products/images/spgm_02.jpg",
    "cloudinary_url": "",
    "description": "",
    "order": 0
  }
},
{
  "model": "store.productimage",
  "pk": 90,
  "fields": {
    "product": 23,
    "image": "products/images/spgm_03.jpg",
    "cloudinary_url": "",
    "description": "",
    "order": 0
  }
},
{
  "model": "store.productimage",
  "pk": 91,
  "fields": {
    "product": 23,
    "image": "products/images/spgm_04.jpg",
    "cloudinary_url": "",
    "description": "",
    "order": 0
  }
},
{
  "model": "store.productimage",
  "pk": 92,
  "fields": {
    "product": 24,
    "image": "products/images/gf_01.jpg",
    "cloudinary_url": "",
    "description": "",
    "order": 0
  }
},
{
  "model": "store.productimage",
  "pk": 93,
  "fields": {
    "product": 24,
    "image": "products/images/gf_02.jpg",
    "cloudinary_url": "",
    "description": "",
    "order": 0
  }
},
{
  "model": "store.productimage",
  "pk": 94,
  "fields": {
    "product": 24,
    "image": "products/images/gf_03.jpg",
    "cloudinary_url": "",
    "description": "",
    "order": 0
  }
},
{
  "model": "store.productimage",
  "pk": 95,
  "fields": {
    "product": 25,
    "image": "products/images/gft_01.jpg",
    "cloudinary_url": "",
    "description": "",
    "order": 0
  }
},
{
  "model": "store.productimage",
  "pk": 96,
  "fields": {
    "product": 25,
    "image": "products/images/gft_02.jpg",
    "cloudinary_url": "",
    "description": "",
    "order": 0
  }
},
{
  "model": "store.productimage",
  "pk": 97,
  "fields": {
    "product": 25,
    "image": "products/images/gft_03.jpg",
    "cloudinary_url": "",
    "description": "",
    "order": 0
  }
},
{
  "model": "store.productimage",
  "pk": 98,
  "fields": {
    "product": 25,
    "image": "products/images/gft_04.jpg",
    "cloudinary_url": "",
    "description": "",
    "order": 0
  }
},
{
  "model": "store.productimage",
  "pk": 99,
  "fields": {
    "product": 25,
    "image": "products/images/gft_05.jpg",
    "cloudinary_url": "",
    "description": "",
    "order": 0
  }
},
{
  "model": "store.productimage",
  "pk": 100,
  "fields": {
    "product": 26,
    "image": "products/images/hk_01.jpg",
    "cloudinary_url": "",
    "description": "",
    "order": 0
  }
},
{
  "model": "store.productimage",
  "pk": 101,
  "fields": {
    "product": 26,
    "image": "products/images/hk_02.jpg",
    "cloudinary_url": "",
    "description": "",
    "order": 0
  }
},
{
  "model": "store.productimage",
  "pk": 102,
  "fields": {
    "product": 26,
    "image": "products/images/hk_03.jpg",
    "cloudinary_url": "",
    "description": "",
    "order": 0
  }
},
{
  "model": "store.productimage",
  "pk": 103,
  "fields": {
    "product": 26,
    "image": "products/images/hk_04.jpg",
    "cloudinary_url": "",
    "description": "",
    "order": 0
  }
},
{
  "model": "store.productimage",
  "pk": 104,
  "fields": {
    "product": 26,
    "image": "",
    "cloudinary_url": "",
    "description": "",
    "order": 0
  }
},
{
  "model": "store.productimage",
  "pk": 105,
  "fields": {
    "product": 27,
    "image": "products/images/gp01fb_01_rGAV69X.jpg",
    "cloudinary_url": "",
    "description": "",
    "order": 0
  }
},
{
  "model": "store.productimage",
  "pk": 106,
  "fields": {
    "product": 27,
    "image": "products/images/gp01fb_02_rKNuRjM.jpg",
    "cloudinary_url": "",
    "description": "",
    "order": 0
  }
},
{
  "model": "store.productimage",
  "pk": 107,
  "fields": {
    "product": 27,
    "image": "products/images/gp01fb_03_6MCx0Z4.jpg",
    "cloudinary_url": "",
    "description": "",
    "order": 0
  }
},
{
  "model": "store.productimage",
  "pk": 108,
  "fields": {
    "product": 27,
    "image": "products/images/gp01fb_04_CfmgUN9.jpg",
    "cloudinary_url": "",
    "description": "",
    "order": 0
  }
},
{
  "model": "store.productimage",
  "pk": 109,
  "fields": {
    "product": 27,
    "image": "products/images/gp01fb_05_C7eRKBV.jpg",
    "cloudinary_url": "",
    "description": "",
    "order": 0
  }
},
{
  "model": "store.productimage",
  "pk": 110,
  "fields": {
    "product": 28,
    "image": "products/images/gp2_01.jpg",
    "cloudinary_url": "",
    "description": "",
    "order": 0
  }
},
{
  "model": "store.productimage",
  "pk": 111,
  "fields": {
    "product": 28,
    "image": "products/images/gp2_02.jpg",
    "cloudinary_url": "",
    "description": "",
    "order": 0
  }
},
{
  "model": "store.productimage",
  "pk": 112,
  "fields": {
    "product": 28,
    "image": "products/images/gp2_03.jpg",
    "cloudinary_url": "",
    "description": "",
    "order": 0
  }
},
{
  "model": "store.productimage",
  "pk": 113,
  "fields": {
    "product": 29,
    "image": "products/images/og_01.jpg",
    "cloudinary_url": "",
    "description": "",
    "order": 0
  }
},
{
  "model": "store.productimage",
  "pk": 114,
  "fields": {
    "product": 29,
    "image": "products/images/og_02.jpg",
    "cloudinary_url": "",
    "description": "",
    "order": 0
  }
},
{
  "model": "store.productimage",
  "pk": 115,
  "fields": {
    "product": 29,
    "image": "products/images/og_03.jpg",
    "cloudinary_url": "",
    "description": "",
    "order": 0
  }
},
{
  "model": "store.productimage",
  "pk": 116,
  "fields": {
    "product": 29,
    "image": "products/images/og_04.jpg",
    "cloudinary_url": "",
    "description": "",
    "order": 0
  }
},
{
  "model": "store.productimage",
  "pk": 117,
  "fields": {
    "product": 29,
    "image": "products/images/og_05.jpg",
    "cloudinary_url": "",
    "description": "",
    "order": 0
  }
},
{
  "model": "store.productimage",
  "pk": 118,
  "fields": {
    "product": 30,
    "image": "products/images/hz_01.jpg",
    "cloudinary_url": "",
    "description": "",
    "order": 0
  }
},
{
  "model": "store.productimage",
  "pk": 119,
  "fields": {
    "product": 30,
    "image": "products/images/hz_02.jpg",
    "cloudinary_url": "",
    "description": "",
    "order": 0
  }
},
{
  "model": "store.productimage",
  "pk": 120,
  "fields": {
    "product": 30,
    "image": "products/images/hz_03.jpg",
    "cloudinary_url": "",
    "description": "",
    "order": 0
  }
},
{
  "model": "store.productimage",
  "pk": 121,
  "fields": {
    "product": 30,
    "image": "products/images/hz_04.jpg",
    "cloudinary_url": "",
    "description": "",
    "order": 0
  }
},
{
  "model": "store.productimage",
  "pk": 122,
  "fields": {
    "product": 30,
    "image": "products/images/hz_05.jpg",
    "cloudinary_url": "",
    "description": "",
    "order": 0
  }
},
{
  "model": "store.productimage",
  "pk": 123,
  "fields": {
    "product": 31,
    "image": "products/images/hng_01.jpg",
    "cloudinary_url": "",
    "description": "",
    "order": 0
  }
},
{
  "model": "store.productimage",
  "pk": 124,
  "fields": {
    "product": 31,
    "image": "products/images/hng_02.jpg",
    "cloudinary_url": "",
    "description": "",
    "order": 0
  }
},
{
  "model": "store.productimage",
  "pk": 125,
  "fields": {
    "product": 31,
    "image": "products/images/hng_03.jpg",
    "cloudinary_url": "",
    "description": "",
    "order": 0
  }
},
{
  "model": "store.productimage",
  "pk": 126,
  "fields": {
    "product": 31,
    "image": "products/images/hng_04.jpg",
    "cloudinary_url": "",
    "description": "",
    "order": 0
  }
},
{
  "model": "store.productimage",
  "pk": 127,
  "fields": {
    "product": 32,
    "image": "products/images/hkfa_01.jpg",
    "cloudinary_url": "",
    "description": "",
    "order": 0
  }
},
{
  "model": "store.productimage",
  "pk": 128,
  "fields": {
    "product": 32,
    "image": "products/images/hkfa_02.jpg",
    "cloudinary_url": "",
    "description": "",
    "order": 0
  }
},
{
  "model": "store.productimage",
  "pk": 129,
  "fields": {
    "product": 32,
    "image": "products/images/hkfa_03.jpg",
    "cloudinary_url": "",
    "description": "",
    "order": 0
  }
},
{
  "model": "store.productimage",
  "pk": 130,
  "fields": {
    "product": 32,
    "image": "products/images/hkfa_04.jpg",
    "cloudinary_url": "",
    "description": "",
    "order": 0
  }
},
{
  "model": "store.productimage",
  "pk": 131,
  "fields": {
    "product": 33,
    "image": "products/images/gj_01.jpg",
    "cloudinary_url": "",
    "description": "",
    "order": 0
  }
},
{
  "model": "store.productimage",
  "pk": 132,
  "fields": {
    "product": 33,
    "image": "products/images/gj_02.jpg",
    "cloudinary_url": "",
    "description": "",
    "order": 0
  }
},
{
  "model": "store.productimage",
  "pk": 133,
  "fields": {
    "product": 33,
    "image": "products/images/gj_03.jpg",
    "cloudinary_url": "",
    "description": "",
    "order": 0
  }
},
{
  "model": "store.productimage",
  "pk": 134,
  "fields": {
    "product": 34,
    "image": "products/images/leo_01.jpg",
    "cloudinary_url": "",
    "description": "",
    "order": 0
  }
},
{
  "model": "store.productimage",
  "pk": 135,
  "fields": {
    "product": 34,
    "image": "products/images/leo_02.jpg",
    "cloudinary_url": "",
    "description": "",
    "order": 0
  }
},
{
  "model": "store.productimage",
  "pk": 136,
  "fields": {
    "product": 34,
    "image": "products/images/leo_03.jpg",
    "cloudinary_url": "",
    "description": "",
    "order": 0
  }
},
{
  "model": "store.productimage",
  "pk": 137,
  "fields": {
    "product": 35,
    "image": "products/images/mg_01.jpg",
    "cloudinary_url": "",
    "description": "",
    "order": 0
  }
},
{
  "model": "store.productimage",
  "pk": 138,
  "fields": {
    "product": 35,
    "image": "products/images/mg_02.jpg",
    "cloudinary_url": "",
    "description": "",
    "order": 0
  }
},
{
  "model": "store.productimage",
  "pk": 139,
  "fields": {
    "product": 35,
    "image": "products/images/mg_03.jpg",
    "cloudinary_url": "",
    "description": "",
    "order": 0
  }
},
{
  "model": "store.productimage",
  "pk": 140,
  "fields": {
    "product": 35,
    "image": "products/images/mg_04.jpg",
    "cloudinary_url": "",
    "description": "",
    "order": 0
  }
},
{
  "model": "store.productimage",
  "pk": 141,
  "fields": {
    "product": 36,
    "image": "products/images/gmk2_01.jpg",
    "cloudinary_url": "",
    "description": "",
    "order": 0
  }
},
{
  "model": "store.productimage",
  "pk": 142,
  "fields": {
    "product": 36,
    "image": "products/images/gmk2_02.jpg",
    "cloudinary_url": "",
    "description": "",
    "order": 0
  }
},
{
  "model": "store.productimage",
  "pk": 143,
  "fields": {
    "product": 36,
    "image": "products/images/gmk2_03.jpg",
    "cloudinary_url": "",
    "description": "",
    "order": 0
  }
},
{
  "model": "store.productimage",
  "pk": 144,
  "fields": {
    "product": 36,
    "image": "products/images/gmk2_04.jpg",
    "cloudinary_url": "",
    "description": "",
    "order": 0
  }
},
{
  "model": "store.productimage",
  "pk": 145,
  "fields": {
    "product": 36,
    "image": "products/images/gmk2_05.jpg",
    "cloudinary_url": "",
    "description": "",
    "order": 0
  }
},
{
  "model": "store.productimage",
  "pk": 146,
  "fields": {
    "product": 37,
    "image": "products/images/mk2t_01.jpg",
    "cloudinary_url": "",
    "description": "",
    "order": 0
  }
},
{
  "model": "store.productimage",
  "pk": 147,
  "fields": {
    "product": 37,
    "image": "products/images/mk2t_02.jpg",
    "cloudinary_url": "",
    "description": "",
    "order": 0
  }
},
{
  "model": "store.productimage",
  "pk": 148,
  "fields": {
    "product": 37,
    "image": "products/images/mk2t_03.jpg",
    "cloudinary_url": "",
    "description": "",
    "order": 0
  }
},
{
  "model": "store.productimage",
  "pk": 149,
  "fields": {
    "product": 37,
    "image": "products/images/mk2t_04.jpg",
    "cloudinary_url": "",
    "description": "",
    "order": 0
  }
},
{
  "model": "store.productimage",
  "pk": 150,
  "fields": {
    "product": 37,
    "image": "products/images/mk2t_05.jpg",
    "cloudinary_url": "",
    "description": "",
    "order": 0
  }
},
{
  "model": "store.productimage",
  "pk": 151,
  "fields": {
    "product": 38,
    "image": "products/images/zz_01.jpg",
    "cloudinary_url": "",
    "description": "",
    "order": 0
  }
},
{
  "model": "store.productimage",
  "pk": 152,
  "fields": {
    "product": 38,
    "image": "products/images/zz_02.jpg",
    "cloudinary_url": "",
    "description": "",
    "order": 0
  }
},
{
  "model": "store.productimage",
  "pk": 153,
  "fields": {
    "product": 38,
    "image": "products/images/zz_03.jpg",
    "cloudinary_url": "",
    "description": "",
    "order": 0
  }
},
{
  "model": "store.productimage",
  "pk": 154,
  "fields": {
    "product": 38,
    "image": "products/images/zz_04.jpg",
    "cloudinary_url": "",
    "description": "",
    "order": 0
  }
},
{
  "model": "store.productimage",
  "pk": 155,
  "fields": {
    "product": 38,
    "image": "products/images/zz_05.jpg",
    "cloudinary_url": "",
    "description": "",
    "order": 0
  }
},
{
  "model": "store.productimage",
  "pk": 156,
  "fields": {
    "product": 39,
    "image": "products/images/rds_01.jpg",
    "cloudinary_url": "",
    "description": "",
    "order": 0
  }
},
{
  "model": "store.productimage",
  "pk": 157,
  "fields": {
    "product": 39,
    "image": "products/images/rds_02.jpg",
    "cloudinary_url": "",
    "description": "",
    "order": 0
  }
},
{
  "model": "store.productimage",
  "pk": 158,
  "fields": {
    "product": 39,
    "image": "products/images/rds_03.jpg",
    "cloudinary_url": "",
    "description": "",
    "order": 0
  }
},
{
  "model": "store.productimage",
  "pk": 159,
  "fields": {
    "product": 39,
    "image": "products/images/rds_04.jpg",
    "cloudinary_url": "",
    "description": "",
    "order": 0
  }
},
{
  "model": "store.productimage",
  "pk": 160,
  "fields": {
    "product": 40,
    "image": "products/images/szb_01.jpg",
    "cloudinary_url": "",
    "description": "",
    "order": 0
  }
},
{
  "model": "store.productimage",
  "pk": 161,
  "fields": {
    "product": 40,
    "image": "products/images/szb_02.jpg",
    "cloudinary_url": "",
    "description": "",
    "order": 0
  }
},
{
  "model": "store.productimage",
  "pk": 162,
  "fields": {
    "product": 40,
    "image": "products/images/szb_03.jpg",
    "cloudinary_url": "",
    "description": "",
    "order": 0
  }
},
{
  "model": "store.productimage",
  "pk": 163,
  "fields": {
    "product": 41,
    "image": "products/images/sl_01.jpg",
    "cloudinary_url": "",
    "description": "",
    "order": 0
  }
},
{
  "model": "store.productimage",
  "pk": 164,
  "fields": {
    "product": 41,
    "image": "products/images/sl_02.jpg",
    "cloudinary_url": "",
    "description": "",
    "order": 0
  }
},
{
  "model": "store.productimage",
  "pk": 165,
  "fields": {
    "product": 41,
    "image": "products/images/sl_03.jpg",
    "cloudinary_url": "",
    "description": "",
    "order": 0
  }
},
{
  "model": "store.productimage",
  "pk": 166,
  "fields": {
    "product": 41,
    "image": "products/images/sl_04.jpg",
    "cloudinary_url": "",
    "description": "",
    "order": 0
  }
},
{
  "model": "store.productimage",
  "pk": 167,
  "fields": {
    "product": 42,
    "image": "products/images/shin_01.jpg",
    "cloudinary_url": "",
    "description": "",
    "order": 0
  }
},
{
  "model": "store.productimage",
  "pk": 168,
  "fields": {
    "product": 42,
    "image": "products/images/shin_02.jpg",
    "cloudinary_url": "",
    "description": "",
    "order": 0
  }
},
{
  "model": "store.productimage",
  "pk": 169,
  "fields": {
    "product": 42,
    "image": "products/images/shin_03.jpg",
    "cloudinary_url": "",
    "description": "",
    "order": 0
  }
},
{
  "model": "store.productimage",
  "pk": 170,
  "fields": {
    "product": 42,
    "image": "products/images/shin_04.jpg",
    "cloudinary_url": "",
    "description": "",
    "order": 0
  }
},
{
  "model": "store.productimage",
  "pk": 171,
  "fields": {
    "product": 43,
    "image": "products/images/sg_01.jpg",
    "cloudinary_url": "",
    "description": "",
    "order": 0
  }
},
{
  "model": "store.productimage",
  "pk": 172,
  "fields": {
    "product": 43,
    "image": "products/images/sg_02.jpg",
    "cloudinary_url": "",
    "description": "",
    "order": 0
  }
},
{
  "model": "store.productimage",
  "pk": 173,
  "fields": {
    "product": 43,
    "image": "products/images/sg_03.jpg",
    "cloudinary_url": "",
    "description": "",
    "order": 0
  }
},
{
  "model": "store.productimage",
  "pk": 174,
  "fields": {
    "product": 43,
    "image": "products/images/sg_04.jpg",
    "cloudinary_url": "",
    "description": "",
    "order": 0
  }
},
{
  "model": "store.productimage",
  "pk": 175,
  "fields": {
    "product": 43,
    "image": "products/images/sg_05.jpg",
    "cloudinary_url": "",
    "description": "",
    "order": 0
  }
},
{
  "model": "store.productimage",
  "pk": 176,
  "fields": {
    "product": 44,
    "image": "products/images/gsf-01.jpg",
    "cloudinary_url": "",
    "description": "",
    "order": 0
  }
},
{
  "model": "store.productimage",
  "pk": 177,
  "fields": {
    "product": 44,
    "image": "products/images/gsf_02.jpg",
    "cloudinary_url": "",
    "description": "",
    "order": 0
  }
},
{
  "model": "store.productimage",
  "pk": 178,
  "fields": {
    "product": 44,
    "image": "products/images/gsf_03.jpg",
    "cloudinary_url": "",
    "description": "",
    "order": 0
  }
},
{
  "model": "store.productimage",
  "pk": 179,
  "fields": {
    "product": 45,
    "image": "products/images/sig_01.jpg",
    "cloudinary_url": "",
    "description": "",
    "order": 0
  }
},
{
  "model": "store.productimage",
  "pk": 180,
  "fields": {
    "product": 45,
    "image": "products/images/sig_02.jpg",
    "cloudinary_url": "",
    "description": "",
    "order": 0
  }
},
{
  "model": "store.productimage",
  "pk": 181,
  "fields": {
    "product": 45,
    "image": "products/images/sig_03.jpg",
    "cloudinary_url": "",
    "description": "",
    "order": 0
  }
},
{
  "model": "store.productimage",
  "pk": 182,
  "fields": {
    "product": 46,
    "image": "products/images/tgs2_01.jpg",
    "cloudinary_url": "",
    "description": "",
    "order": 0
  }
},
{
  "model": "store.productimage",
  "pk": 183,
  "fields": {
    "product": 46,
    "image": "products/images/tgs2_02.jpg",
    "cloudinary_url": "",
    "description": "",
    "order": 0
  }
},
{
  "model": "store.productimage",
  "pk": 184,
  "fields": {
    "product": 46,
    "image": "products/images/tgs2_03.jpg",
    "cloudinary_url": "",
    "description": "",
    "order": 0
  }
},
{
  "model": "store.productimage",
  "pk": 185,
  "fields": {
    "product": 46,
    "image": "products/images/tgs2_04.jpg",
    "cloudinary_url": "",
    "description": "",
    "order": 0
  }
},
{
  "model": "store.productimage",
  "pk": 186,
  "fields": {
    "product": 46,
    "image": "products/images/tgs2_05.jpg",
    "cloudinary_url": "",
    "description": "",
    "order": 0
  }
},
{
  "model": "store.productimage",
  "pk": 187,
  "fields": {
    "product": 47,
    "image": "products/images/ug_01.jpg",
    "cloudinary_url": "",
    "description": "",
    "order": 0
  }
},
{
  "model": "store.productimage",
  "pk": 188,
  "fields": {
    "product": 47,
    "image": "products/images/ug_02.jpg",
    "cloudinary_url": "",
    "description": "",
    "order": 0
  }
},
{
  "model": "store.productimage",
  "pk": 189,
  "fields": {
    "product": 47,
    "image": "products/images/ug_03.jpg",
    "cloudinary_url": "",
    "description": "",
    "order": 0
  }
},
{
  "model": "store.productimage",
  "pk": 190,
  "fields": {
    "product": 47,
    "image": "products/images/ug_04.jpg",
    "cloudinary_url": "",
    "description": "",
    "order": 0
  }
},
{
  "model": "store.productimage",
  "pk": 191,
  "fields": {
    "product": 47,
    "image": "products/images/ug_05.jpg",
    "cloudinary_url": "",
    "description": "",
    "order": 0
  }
},
{
  "model": "store.productimage",
  "pk": 192,
  "fields": {
    "product": 48,
    "image": "products/images/v_01.jpg",
    "cloudinary_url": "",
    "description": "",
    "order": 0
  }
},
{
  "model": "store.productimage",
  "pk": 193,
  "fields": {
    "product": 48,
    "image": "products/images/v_02.jpg",
    "cloudinary_url": "",
    "description": "",
    "order": 0
  }
},
{
  "model": "store.productimage",
  "pk": 194,
  "fields": {
    "product": 48,
    "image": "products/images/v_03.jpg",
    "cloudinary_url": "",
    "description": "",
    "order": 0
  }
},
{
  "model": "store.productimage",
  "pk": 195,
  "fields": {
    "product": 48,
    "image": "products/images/v_04.jpg",
    "cloudinary_url": "",
    "description": "",
    "order": 0
  }
},
{
  "model": "store.productimage",
  "pk": 196,
  "fields": {
    "product": 49,
    "image": "products/images/w0_01.jpg",
    "cloudinary_url": "",
    "description": "",
    "order": 0
  }
},
{
  "model": "store.productimage",
  "pk": 197,
  "fields": {
    "product": 49,
    "image": "products/images/w0_02.jpg",
    "cloudinary_url": "",
    "description": "",
    "order": 0
  }
},
{
  "model": "store.productimage",
  "pk": 198,
  "fields": {
    "product": 49,
    "image": "products/images/w0_03.jpg",
    "cloudinary_url": "",
    "description": "",
    "order": 0
  }
},
{
  "model": "store.productimage",
  "pk": 199,
  "fields": {
    "product": 49,
    "image": "products/images/w0_04.jpg",
    "cloudinary_url": "",
    "description": "",
    "order": 0
  }
},
{
  "model": "store.productimage",
  "pk": 200,
  "fields": {
    "product": 49,
    "image": "products/images/w0_05.jpg",
    "cloudinary_url": "",
    "description": "",
    "order": 0
  }
},
{
  "model": "store.productimage",
  "pk": 201,
  "fields": {
    "product": 50,
    "image": "products/images/cb_01.jpg",
    "cloudinary_url": "",
    "description": "",
    "order": 0
  }
},
{
  "model": "store.productimage",
  "pk": 202,
  "fields": {
    "product": 50,
    "image": "products/images/cb_02.jpg",
    "cloudinary_url": "",
    "description": "",
    "order": 0
  }
},
{
  "model": "store.productimage",
  "pk": 203,
  "fields": {
    "product": 50,
    "image": "products/images/CB_03.jpg",
    "cloudinary_url": "",
    "description": "",
    "order": 0
  }
},
{
  "model": "store.productimage",
  "pk": 204,
  "fields": {
    "product": 51,
    "image": "products/images/zg_01.jpg",
    "cloudinary_url": "",
    "description": "",
    "order": 0
  }
},
{
  "model": "store.productimage",
  "pk": 205,
  "fields": {
    "product": 51,
    "image": "products/images/zg_02.jpg",
    "cloudinary_url": "",
    "description": "",
    "order": 0
  }
},
{
  "model": "store.productimage",
  "pk": 206,
  "fields": {
    "product": 51,
    "image": "products/images/zg_03.jpg",
    "cloudinary_url": "",
    "description": "",
    "order": 0
  }
},
{
  "model": "store.productimage",
  "pk": 207,
  "fields": {
    "product": 51,
    "image": "products/images/zg_04.jpg",
    "cloudinary_url": "",
    "description": "",
    "order": 0
  }
},
{
  "model": "store.productimage",
  "pk": 208,
  "fields": {
    "product": 51,
    "image": "products/images/zg_05.jpg",
    "cloudinary_url": "",
    "description": "",
    "order": 0
  }
},
{
  "model": "store.category",
  "pk": 5,
  "fields": {
    "name": "Seed",
    "description": ""
  }
},
{
  "model": "store.category",
  "pk": 6,
  "fields": {
    "name": "Z",
    "description": ""
  }
},
{
  "model": "store.category",
  "pk": 7,
  "fields": {
    "name": "ZZ",
    "description": ""
  }
},
{
  "model": "store.category",
  "pk": 8,
  "fields": {
    "name": "Char",
    "description": ""
  }
},
{
  "model": "store.category",
  "pk": 9,
  "fields": {
    "name": "Gundam",
    "description": ""
  }
},
{
  "model": "store.category",
  "pk": 10,
  "fields": {
    "name": "Wing",
    "description": ""
  }
},
{
  "model": "store.category",
  "pk": 11,
  "fields": {
    "name": "Unicorn",
    "description": ""
  }
},
{
  "model": "store.category",
  "pk": 12,
  "fields": {
    "name": "G",
    "description": ""
  }
},
{
  "model": "store.category",
  "pk": 13,
  "fields": {
    "name": "Blue Denstiny",
    "description": ""
  }
}
]
